huc12_id,year,pswdtot_mgd
060101010201,2000,0.096840763
060101010201,2001,0.093424304
060101010201,2002,0.095241791
060101010201,2003,0.097607669
060101010201,2004,0.094984367
060101010201,2005,0.100409561
060101010201,2006,0.091764692
060101010201,2007,0.094037047
060101010201,2008,0.09164271
060101010201,2009,0.092251043
060101010201,2010,0.085388812
060101010201,2011,0.084972209
060101010201,2012,0.085052539
060101010201,2013,0.077047649
060101010201,2014,0.081414933
060101010201,2015,0.075881161
060101010201,2016,0.081273607
060101010201,2017,0.073128172
060101010201,2018,0.07808644
060101010201,2019,0.077459048
060101010201,2020,0.074079806
060101010202,2000,0.0
060101010202,2001,0.0
060101010202,2002,0.0
060101010202,2003,0.0
060101010202,2004,0.0
060101010202,2005,0.0
060101010202,2006,0.0
060101010202,2007,0.0
060101010202,2008,0.0
060101010202,2009,0.0
060101010202,2010,0.0
060101010202,2011,0.0
060101010202,2012,0.0
060101010202,2013,0.0
060101010202,2014,0.0
060101010202,2015,0.0
060101010202,2016,0.0
060101010202,2017,0.0
060101010202,2018,0.0
060101010202,2019,0.0
060101010202,2020,0.0
060101010203,2000,0.251538476
060101010203,2001,0.242664388
060101010203,2002,0.247385231
060101010203,2003,0.253530445
060101010203,2004,0.246716568
060101010203,2005,0.260808192
060101010203,2006,0.238353658
060101010203,2007,0.244255984
060101010203,2008,0.23803681
060101010203,2009,0.239616927
060101010203,2010,0.221792652
060101010203,2011,0.220710568
060101010203,2012,0.220919224
060101010203,2013,0.200126955
060101010203,2014,0.211470734
060101010203,2015,0.197097078
060101010203,2016,0.211103649
060101010203,2017,0.189946346
060101010203,2018,0.202825169
060101010203,2019,0.201195552
060101010203,2020,0.192418151
060101010204,2000,0.0
060101010204,2001,0.0
060101010204,2002,0.0
060101010204,2003,0.0
060101010204,2004,0.0
060101010204,2005,0.0
060101010204,2006,0.0
060101010204,2007,0.0
060101010204,2008,0.0
060101010204,2009,0.0
060101010204,2010,0.0
060101010204,2011,0.0
060101010204,2012,0.0
060101010204,2013,0.0
060101010204,2014,0.0
060101010204,2015,0.0
060101010204,2016,0.0
060101010204,2017,0.0
060101010204,2018,0.0
060101010204,2019,0.0
060101010204,2020,0.0
060101010205,2000,0.0
060101010205,2001,0.0
060101010205,2002,0.0
060101010205,2003,0.0
060101010205,2004,0.0
060101010205,2005,0.0
060101010205,2006,0.0
060101010205,2007,0.0
060101010205,2008,0.0
060101010205,2009,0.0
060101010205,2010,0.0
060101010205,2011,0.0
060101010205,2012,0.0
060101010205,2013,0.0
060101010205,2014,0.0
060101010205,2015,0.0
060101010205,2016,0.0
060101010205,2017,0.0
060101010205,2018,0.0
060101010205,2019,0.0
060101010205,2020,0.0
060101010206,2000,0.0
060101010206,2001,0.0
060101010206,2002,0.0
060101010206,2003,0.0
060101010206,2004,0.0
060101010206,2005,0.0
060101010206,2006,0.0
060101010206,2007,0.0
060101010206,2008,0.0
060101010206,2009,0.0
060101010206,2010,0.0
060101010206,2011,0.0
060101010206,2012,0.0
060101010206,2013,0.0
060101010206,2014,0.0
060101010206,2015,0.0
060101010206,2016,0.0
060101010206,2017,0.0
060101010206,2018,0.0
060101010206,2019,0.0
060101010206,2020,0.0
060101010301,2000,0.0
060101010301,2001,0.0
060101010301,2002,0.0
060101010301,2003,0.0
060101010301,2004,0.0
060101010301,2005,0.0
060101010301,2006,0.0
060101010301,2007,0.0
060101010301,2008,0.0
060101010301,2009,0.0
060101010301,2010,0.0
060101010301,2011,0.0
060101010301,2012,0.0
060101010301,2013,0.0
060101010301,2014,0.0
060101010301,2015,0.0
060101010301,2016,0.0
060101010301,2017,0.0
060101010301,2018,0.0
060101010301,2019,0.0
060101010301,2020,0.0
060101010302,2000,0.0
060101010302,2001,0.0
060101010302,2002,0.0
060101010302,2003,0.0
060101010302,2004,0.0
060101010302,2005,0.0
060101010302,2006,0.0
060101010302,2007,0.0
060101010302,2008,0.0
060101010302,2009,0.0
060101010302,2010,0.0
060101010302,2011,0.0
060101010302,2012,0.0
060101010302,2013,0.0
060101010302,2014,0.0
060101010302,2015,0.0
060101010302,2016,0.0
060101010302,2017,0.0
060101010302,2018,0.0
060101010302,2019,0.0
060101010302,2020,0.0
060101010303,2000,0.0
060101010303,2001,0.0
060101010303,2002,0.0
060101010303,2003,0.0
060101010303,2004,0.0
060101010303,2005,0.0
060101010303,2006,0.0
060101010303,2007,0.0
060101010303,2008,0.0
060101010303,2009,0.0
060101010303,2010,0.0
060101010303,2011,0.0
060101010303,2012,0.0
060101010303,2013,0.0
060101010303,2014,0.0
060101010303,2015,0.0
060101010303,2016,0.0
060101010303,2017,0.0
060101010303,2018,0.0
060101010303,2019,0.0
060101010303,2020,0.0
060101010304,2000,0.0
060101010304,2001,0.0
060101010304,2002,0.0
060101010304,2003,0.0
060101010304,2004,0.0
060101010304,2005,0.0
060101010304,2006,0.0
060101010304,2007,0.0
060101010304,2008,0.0
060101010304,2009,0.0
060101010304,2010,0.0
060101010304,2011,0.0
060101010304,2012,0.0
060101010304,2013,0.0
060101010304,2014,0.0
060101010304,2015,0.0
060101010304,2016,0.0
060101010304,2017,0.0
060101010304,2018,0.0
060101010304,2019,0.0
060101010304,2020,0.0
060101010305,2000,0.0
060101010305,2001,0.0
060101010305,2002,0.0
060101010305,2003,0.0
060101010305,2004,0.0
060101010305,2005,0.0
060101010305,2006,0.0
060101010305,2007,0.0
060101010305,2008,0.0
060101010305,2009,0.0
060101010305,2010,0.0
060101010305,2011,0.0
060101010305,2012,0.0
060101010305,2013,0.0
060101010305,2014,0.0
060101010305,2015,0.0
060101010305,2016,0.0
060101010305,2017,0.0
060101010305,2018,0.0
060101010305,2019,0.0
060101010305,2020,0.0
060101010306,2000,0.0
060101010306,2001,0.0
060101010306,2002,0.0
060101010306,2003,0.0
060101010306,2004,0.0
060101010306,2005,0.0
060101010306,2006,0.0
060101010306,2007,0.0
060101010306,2008,0.0
060101010306,2009,0.0
060101010306,2010,0.0
060101010306,2011,0.0
060101010306,2012,0.0
060101010306,2013,0.0
060101010306,2014,0.0
060101010306,2015,0.0
060101010306,2016,0.0
060101010306,2017,0.0
060101010306,2018,0.0
060101010306,2019,0.0
060101010306,2020,0.0
060101010307,2000,0.000455493
060101010307,2001,0.000451757
060101010307,2002,0.000489754
060101010307,2003,0.000462068
060101010307,2004,0.000457529
060101010307,2005,0.000458141
060101010307,2006,0.000430486
060101010307,2007,0.000449525
060101010307,2008,0.00046376
060101010307,2009,0.000459486
060101010307,2010,0.000443703
060101010307,2011,0.000410307
060101010307,2012,0.000406475
060101010307,2013,0.000363792
060101010307,2014,0.000386573
060101010307,2015,0.000385997
060101010307,2016,0.000382844
060101010307,2017,0.000383526
060101010307,2018,0.000375303
060101010307,2019,0.000347498
060101010307,2020,0.000333853
060101010401,2000,0.0
060101010401,2001,0.0
060101010401,2002,0.0
060101010401,2003,0.0
060101010401,2004,0.0
060101010401,2005,0.0
060101010401,2006,0.0
060101010401,2007,0.0
060101010401,2008,0.0
060101010401,2009,0.0
060101010401,2010,0.0
060101010401,2011,0.0
060101010401,2012,0.0
060101010401,2013,0.0
060101010401,2014,0.0
060101010401,2015,0.0
060101010401,2016,0.0
060101010401,2017,0.0
060101010401,2018,0.0
060101010401,2019,0.0
060101010401,2020,0.0
060101010402,2000,0.729319909
060101010402,2001,0.726297026
060101010402,2002,0.712608679
060101010402,2003,0.705978481
060101010402,2004,0.703464304
060101010402,2005,0.714076633
060101010402,2006,0.69470035
060101010402,2007,0.711128927
060101010402,2008,0.66786867
060101010402,2009,0.64390469
060101010402,2010,0.68252632
060101010402,2011,0.658013732
060101010402,2012,0.666145678
060101010402,2013,0.656566132
060101010402,2014,0.65956594
060101010402,2015,0.660087249
060101010402,2016,0.672597754
060101010402,2017,0.671103395
060101010402,2018,0.664893495
060101010402,2019,0.669654643
060101010402,2020,0.667424972
060101010403,2000,0.036674346
060101010403,2001,0.036884289
060101010403,2002,0.038177105
060101010403,2003,0.037847343
060101010403,2004,0.037499955
060101010403,2005,0.036935799
060101010403,2006,0.037735331
060101010403,2007,0.036507076
060101010403,2008,0.036961671
060101010403,2009,0.034366228
060101010403,2010,0.038041282
060101010403,2011,0.037608735
060101010403,2012,0.037981692
060101010403,2013,0.03721481
060101010403,2014,0.037940399
060101010403,2015,0.039291134
060101010403,2016,0.040648301
060101010403,2017,0.036647775
060101010403,2018,0.037658255
060101010403,2019,0.03573286
060101010403,2020,0.035630113
060101010404,2000,1.079291489
060101010404,2001,1.085390584
060101010404,2002,1.12371123
060101010404,2003,1.113711611
060101010404,2004,1.103485639
060101010404,2005,1.086978236
060101010404,2006,1.110037989
060101010404,2007,1.074320107
060101010404,2008,1.087805967
060101010404,2009,1.011773971
060101010404,2010,1.119159608
060101010404,2011,1.106079679
060101010404,2012,1.116949593
060101010404,2013,1.093966581
060101010404,2014,1.11549226
060101010404,2015,1.155025984
060101010404,2016,1.194716123
060101010404,2017,1.077614178
060101010404,2018,1.107091904
060101010404,2019,1.050380762
060101010404,2020,1.047202261
060101020101,2000,0.0
060101020101,2001,0.0
060101020101,2002,0.0
060101020101,2003,0.0
060101020101,2004,0.0
060101020101,2005,0.0
060101020101,2006,0.0
060101020101,2007,0.0
060101020101,2008,0.0
060101020101,2009,0.0
060101020101,2010,0.0
060101020101,2011,0.0
060101020101,2012,0.0
060101020101,2013,0.0
060101020101,2014,0.0
060101020101,2015,0.0
060101020101,2016,0.0
060101020101,2017,0.0
060101020101,2018,0.0
060101020101,2019,0.0
060101020101,2020,0.0
060101020102,2000,0.198244067
060101020102,2001,0.196208266
060101020102,2002,0.197074385
060101020102,2003,0.188309145
060101020102,2004,0.182382329
060101020102,2005,0.194693147
060101020102,2006,0.189854232
060101020102,2007,0.194556511
060101020102,2008,0.193539818
060101020102,2009,0.170849215
060101020102,2010,0.179852823
060101020102,2011,0.175678066
060101020102,2012,0.175427119
060101020102,2013,0.172809432
060101020102,2014,0.174086614
060101020102,2015,0.16590587
060101020102,2016,0.167344133
060101020102,2017,0.166713794
060101020102,2018,0.169907229
060101020102,2019,0.169073351
060101020102,2020,0.164688352
060101020103,2000,0.0
060101020103,2001,0.0
060101020103,2002,0.0
060101020103,2003,0.0
060101020103,2004,0.0
060101020103,2005,0.0
060101020103,2006,0.0
060101020103,2007,0.0
060101020103,2008,0.0
060101020103,2009,0.0
060101020103,2010,0.0
060101020103,2011,0.0
060101020103,2012,0.0
060101020103,2013,0.0
060101020103,2014,0.0
060101020103,2015,0.0
060101020103,2016,0.0
060101020103,2017,0.0
060101020103,2018,0.0
060101020103,2019,0.0
060101020103,2020,0.0
060101020201,2000,0.0
060101020201,2001,0.0
060101020201,2002,0.0
060101020201,2003,0.0
060101020201,2004,0.0
060101020201,2005,0.0
060101020201,2006,0.0
060101020201,2007,0.0
060101020201,2008,0.0
060101020201,2009,0.0
060101020201,2010,0.0
060101020201,2011,0.0
060101020201,2012,0.0
060101020201,2013,0.0
060101020201,2014,0.0
060101020201,2015,0.0
060101020201,2016,0.0
060101020201,2017,0.0
060101020201,2018,0.0
060101020201,2019,0.0
060101020201,2020,0.0
060101020202,2000,0.0
060101020202,2001,0.0
060101020202,2002,0.0
060101020202,2003,0.0
060101020202,2004,0.0
060101020202,2005,0.0
060101020202,2006,0.0
060101020202,2007,0.0
060101020202,2008,0.0
060101020202,2009,0.0
060101020202,2010,0.0
060101020202,2011,0.0
060101020202,2012,0.0
060101020202,2013,0.0
060101020202,2014,0.0
060101020202,2015,0.0
060101020202,2016,0.0
060101020202,2017,0.0
060101020202,2018,0.0
060101020202,2019,0.0
060101020202,2020,0.0
060101020203,2000,0.0
060101020203,2001,0.0
060101020203,2002,0.0
060101020203,2003,0.0
060101020203,2004,0.0
060101020203,2005,0.0
060101020203,2006,0.0
060101020203,2007,0.0
060101020203,2008,0.0
060101020203,2009,0.0
060101020203,2010,0.0
060101020203,2011,0.0
060101020203,2012,0.0
060101020203,2013,0.0
060101020203,2014,0.0
060101020203,2015,0.0
060101020203,2016,0.0
060101020203,2017,0.0
060101020203,2018,0.0
060101020203,2019,0.0
060101020203,2020,0.0
060101020204,2000,0.0
060101020204,2001,0.0
060101020204,2002,0.0
060101020204,2003,0.0
060101020204,2004,0.0
060101020204,2005,0.0
060101020204,2006,0.0
060101020204,2007,0.0
060101020204,2008,0.0
060101020204,2009,0.0
060101020204,2010,0.0
060101020204,2011,0.0
060101020204,2012,0.0
060101020204,2013,0.0
060101020204,2014,0.0
060101020204,2015,0.0
060101020204,2016,0.0
060101020204,2017,0.0
060101020204,2018,0.0
060101020204,2019,0.0
060101020204,2020,0.0
060101020301,2000,0.308855677
060101020301,2001,0.305684011
060101020301,2002,0.307033381
060101020301,2003,0.293377525
060101020301,2004,0.284143792
060101020301,2005,0.303323511
060101020301,2006,0.29578467
060101020301,2007,0.303110627
060101020301,2008,0.301526672
060101020301,2009,0.266175708
060101020301,2010,0.280202925
060101020301,2011,0.273698816
060101020301,2012,0.27330787
060101020301,2013,0.269229648
060101020301,2014,0.271219436
060101020301,2015,0.258474174
060101020301,2016,0.260714936
060101020301,2017,0.25973291
060101020301,2018,0.264708106
060101020301,2019,0.263408988
060101020301,2020,0.256577357
060101020302,2000,0.0
060101020302,2001,0.0
060101020302,2002,0.0
060101020302,2003,0.0
060101020302,2004,0.0
060101020302,2005,0.0
060101020302,2006,0.0
060101020302,2007,0.0
060101020302,2008,0.0
060101020302,2009,0.0
060101020302,2010,0.0
060101020302,2011,0.0
060101020302,2012,0.0
060101020302,2013,0.0
060101020302,2014,0.0
060101020302,2015,0.0
060101020302,2016,0.0
060101020302,2017,0.0
060101020302,2018,0.0
060101020302,2019,0.0
060101020302,2020,0.0
060101020303,2000,0.980704437
060101020303,2001,0.970633455
060101020303,2002,0.974918135
060101020303,2003,0.931556818
060101020303,2004,0.902237129
060101020303,2005,0.963138227
060101020303,2006,0.939200316
060101020303,2007,0.962462238
060101020303,2008,0.957432812
060101020303,2009,0.845183374
060101020303,2010,0.889723749
060101020303,2011,0.869071404
060101020303,2012,0.867830015
060101020303,2013,0.854880494
060101020303,2014,0.861198635
060101020303,2015,0.820728838
060101020303,2016,0.827843856
060101020303,2017,0.824725697
060101020303,2018,0.840523333
060101020303,2019,0.836398242
060101020303,2020,0.814705889
060101020304,2000,0.091527219
060101020304,2001,0.090587319
060101020304,2002,0.090987191
060101020304,2003,0.086940373
060101020304,2004,0.084204021
060101020304,2005,0.089887799
060101020304,2006,0.08765372
060101020304,2007,0.089824716
060101020304,2008,0.089355321
060101020304,2009,0.078879307
060101020304,2010,0.083036174
060101020304,2011,0.081108728
060101020304,2012,0.080992872
060101020304,2013,0.079784318
060101020304,2014,0.080373978
060101020304,2015,0.076597012
060101020304,2016,0.077261043
060101020304,2017,0.076970032
060101020304,2018,0.078444395
060101020304,2019,0.078059406
060101020304,2020,0.076034904
060101020305,2000,0.601368436
060101020305,2001,0.597774447
060101020305,2002,0.604739582
060101020305,2003,0.593313621
060101020305,2004,0.581728711
060101020305,2005,0.606688745
060101020305,2006,0.592034547
060101020305,2007,0.599216648
060101020305,2008,0.592702487
060101020305,2009,0.551701684
060101020305,2010,0.56738816
060101020305,2011,0.563631345
060101020305,2012,0.555259735
060101020305,2013,0.537037746
060101020305,2014,0.537107556
060101020305,2015,0.526791068
060101020305,2016,0.52162767
060101020305,2017,0.522364202
060101020305,2018,0.537140162
060101020305,2019,0.534492581
060101020305,2020,0.513899019
060101020306,2000,0.090115115
060101020306,2001,0.090553287
060101020306,2002,0.093238253
060101020306,2003,0.09726312
060101020306,2004,0.097946307
060101020306,2005,0.097000826
060101020306,2006,0.094814184
060101020306,2007,0.093210847
060101020306,2008,0.090936907
060101020306,2009,0.095322775
060101020306,2010,0.093274754
060101020306,2011,0.096081891
060101020306,2012,0.091947969
060101020306,2013,0.08532741
060101020306,2014,0.083898428
060101020306,2015,0.087838499
060101020306,2016,0.083460437
060101020306,2017,0.084572908
060101020306,2018,0.088712473
060101020306,2019,0.088271066
060101020306,2020,0.082426222
060101020307,2000,0.0
060101020307,2001,0.0
060101020307,2002,0.0
060101020307,2003,0.0
060101020307,2004,0.0
060101020307,2005,0.0
060101020307,2006,0.0
060101020307,2007,0.0
060101020307,2008,0.0
060101020307,2009,0.0
060101020307,2010,0.0
060101020307,2011,0.0
060101020307,2012,0.0
060101020307,2013,0.0
060101020307,2014,0.0
060101020307,2015,0.0
060101020307,2016,0.0
060101020307,2017,0.0
060101020307,2018,0.0
060101020307,2019,0.0
060101020307,2020,0.0
060101020401,2000,0.244324367
060101020401,2001,0.24877292
060101020401,2002,0.241068095
060101020401,2003,0.246506387
060101020401,2004,0.246352213
060101020401,2005,0.234919031
060101020401,2006,0.238954717
060101020401,2007,0.244302696
060101020401,2008,0.228557096
060101020401,2009,0.235899453
060101020401,2010,0.245450696
060101020401,2011,0.237688287
060101020401,2012,0.229192618
060101020401,2013,0.237001175
060101020401,2014,0.240088332
060101020401,2015,0.239181072
060101020401,2016,0.230497272
060101020401,2017,0.237449716
060101020401,2018,0.235151558
060101020401,2019,0.236562428
060101020401,2020,0.235388677
060101020402,2000,1.348324582
060101020402,2001,1.372874263
060101020402,2002,1.33035446
060101020402,2003,1.360366266
060101020402,2004,1.359515475
060101020402,2005,1.296420438
060101020402,2006,1.318691677
060101020402,2007,1.348204995
060101020402,2008,1.261311495
060101020402,2009,1.301830868
060101020402,2010,1.354540307
060101020402,2011,1.311702852
060101020402,2012,1.26481862
060101020402,2013,1.307910715
060101020402,2014,1.324947641
060101020402,2015,1.319940871
060101020402,2016,1.272018675
060101020402,2017,1.310386299
060101020402,2018,1.297703723
060101020402,2019,1.305489627
060101020402,2020,1.29901215
060101020403,2000,0.0
060101020403,2001,0.0
060101020403,2002,0.0
060101020403,2003,0.0
060101020403,2004,0.0
060101020403,2005,0.0
060101020403,2006,0.0
060101020403,2007,0.0
060101020403,2008,0.0
060101020403,2009,0.0
060101020403,2010,0.0
060101020403,2011,0.0
060101020403,2012,0.0
060101020403,2013,0.0
060101020403,2014,0.0
060101020403,2015,0.0
060101020403,2016,0.0
060101020403,2017,0.0
060101020403,2018,0.0
060101020403,2019,0.0
060101020403,2020,0.0
060101020404,2000,0.008216218
060101020404,2001,0.008365815
060101020404,2002,0.008106715
060101020404,2003,0.008289595
060101020404,2004,0.00828441
060101020404,2005,0.007899932
060101020404,2006,0.008035645
060101020404,2007,0.008215489
060101020404,2008,0.007685991
060101020404,2009,0.007932902
060101020404,2010,0.008254094
060101020404,2011,0.007993057
060101020404,2012,0.007707362
060101020404,2013,0.007969951
060101020404,2014,0.008073767
060101020404,2015,0.008043257
060101020404,2016,0.007751236
060101020404,2017,0.007985035
060101020404,2018,0.007907752
060101020404,2019,0.007955197
060101020404,2020,0.007915726
060101020405,2000,0.0
060101020405,2001,0.0
060101020405,2002,0.0
060101020405,2003,0.0
060101020405,2004,0.0
060101020405,2005,0.0
060101020405,2006,0.0
060101020405,2007,0.0
060101020405,2008,0.0
060101020405,2009,0.0
060101020405,2010,0.0
060101020405,2011,0.0
060101020405,2012,0.0
060101020405,2013,0.0
060101020405,2014,0.0
060101020405,2015,0.0
060101020405,2016,0.0
060101020405,2017,0.0
060101020405,2018,0.0
060101020405,2019,0.0
060101020405,2020,0.0
060101020501,2000,3.433831505
060101020501,2001,3.453816373
060101020501,2002,3.395143504
060101020501,2003,3.496471052
060101020501,2004,3.439182719
060101020501,2005,3.376429044
060101020501,2006,3.420175964
060101020501,2007,3.502492271
060101020501,2008,3.395162451
060101020501,2009,3.326107384
060101020501,2010,3.774211214
060101020501,2011,3.384595751
060101020501,2012,3.253114811
060101020501,2013,3.046787989
060101020501,2014,3.065929992
060101020501,2015,3.005001868
060101020501,2016,3.022769415
060101020501,2017,2.958518345
060101020501,2018,2.925694101
060101020501,2019,2.890572729
060101020501,2020,2.923926803
060101020502,2000,5.10925718
060101020502,2001,5.198732614
060101020502,2002,5.041753436
060101020502,2003,5.157556362
060101020502,2004,5.149730063
060101020502,2005,4.918818296
060101020502,2006,5.002128573
060101020502,2007,5.114561844
060101020502,2008,4.794807896
060101020502,2009,4.933969123
060101020502,2010,5.159906729
060101020502,2011,4.97416091
060101020502,2012,4.795492855
060101020502,2013,4.932394879
060101020502,2014,4.994928879
060101020502,2015,4.971934142
060101020502,2016,4.802013208
060101020502,2017,4.933879326
060101020502,2018,4.885776967
060101020502,2019,4.910692775
060101020502,2020,4.890309724
060101020601,2000,0.831068197
060101020601,2001,0.844117849
060101020601,2002,0.820338358
060101020601,2003,0.840055244
060101020601,2004,0.836832805
060101020601,2005,0.80273634
060101020601,2006,0.815828773
060101020601,2007,0.834370058
060101020601,2008,0.786389644
060101020601,2009,0.802933744
060101020601,2010,0.850784883
060101020601,2011,0.810650699
060101020601,2012,0.781161478
060101020601,2013,0.792251673
060101020601,2014,0.801565898
060101020601,2015,0.796121734
060101020601,2016,0.773427191
060101020601,2017,0.789148397
060101020601,2018,0.781305513
060101020601,2019,0.783414962
060101020601,2020,0.781862466
060101020703,2000,5.388999071
060101020703,2001,5.403413386
060101020703,2002,5.650230688
060101020703,2003,5.540650863
060101020703,2004,5.489023246
060101020703,2005,5.425866326
060101020703,2006,5.445967868
060101020703,2007,5.354340586
060101020703,2008,5.443394257
060101020703,2009,5.134461216
060101020703,2010,5.515325603
060101020703,2011,5.379155619
060101020703,2012,5.412028691
060101020703,2013,5.213428584
060101020703,2014,5.355723912
060101020703,2015,5.509244038
060101020703,2016,5.656824301
060101020703,2017,5.199484729
060101020703,2018,5.294143784
060101020703,2019,5.001137978
060101020703,2020,4.953993525
060101040102,2000,0.116635908
060101040102,2001,0.11695663
060101040102,2002,0.11238244
060101040102,2003,0.105738968
060101040102,2004,0.10237492
060101040102,2005,0.102914049
060101040102,2006,0.102308421
060101040102,2007,0.106778897
060101040102,2008,0.099974858
060101040102,2009,0.103053411
060101040102,2010,0.104217413
060101040102,2011,0.098398515
060101040102,2012,0.093470096
060101040102,2013,0.095103697
060101040102,2014,0.093856568
060101040102,2015,0.085030077
060101040102,2016,0.088826333
060101040102,2017,0.09133907
060101040102,2018,0.095426844
060101040102,2019,0.088618459
060101040102,2020,0.087815742
060102050101,2000,0.579337063
060102050101,2001,0.575549261
060102050101,2002,0.570019543
060102050101,2003,0.537581516
060102050101,2004,0.559201108
060102050101,2005,0.572060897
060102050101,2006,0.545322256
060102050101,2007,0.557640375
060102050101,2008,0.518655263
060102050101,2009,0.519363998
060102050101,2010,0.528850364
060102050101,2011,0.53008416
060102050101,2012,0.530518158
060102050101,2013,0.513155307
060102050101,2014,0.508866041
060102050101,2015,0.499396559
060102050101,2016,0.518092828
060102050101,2017,0.529209448
060102050101,2018,0.570360989
060102050101,2019,0.5219888
060102050101,2020,0.576021808
060102050102,2000,0.173332969
060102050102,2001,0.170569438
060102050102,2002,0.166878163
060102050102,2003,0.159272759
060102050102,2004,0.164698434
060102050102,2005,0.18223622
060102050102,2006,0.162405737
060102050102,2007,0.175041342
060102050102,2008,0.163962801
060102050102,2009,0.168202021
060102050102,2010,0.17865813
060102050102,2011,0.175044516
060102050102,2012,0.174356011
060102050102,2013,0.166628655
060102050102,2014,0.167457785
060102050102,2015,0.171072843
060102050102,2016,0.170448032
060102050102,2017,0.174365481
060102050102,2018,0.173973602
060102050102,2019,0.169505
060102050102,2020,0.17004701
060102050103,2000,0.031715308
060102050103,2001,0.031209656
060102050103,2002,0.030534252
060102050103,2003,0.029142665
060102050103,2004,0.030135418
060102050103,2005,0.033344364
060102050103,2006,0.029715916
060102050103,2007,0.032027892
060102050103,2008,0.030000819
060102050103,2009,0.03077648
060102050103,2010,0.03268967
060102050103,2011,0.032028477
060102050103,2012,0.0319025
060102050103,2013,0.030488597
060102050103,2014,0.030640305
060102050103,2015,0.031301765
060102050103,2016,0.031187443
060102050103,2017,0.031904232
060102050103,2018,0.031832526
060102050103,2019,0.031014891
060102050103,2020,0.031114066
060102050104,2000,1.98379418
060102050104,2001,2.09467431
060102050104,2002,2.084001597
060102050104,2003,2.039813718
060102050104,2004,2.086919484
060102050104,2005,2.122045121
060102050104,2006,2.083138444
060102050104,2007,2.066530742
060102050104,2008,1.972476123
060102050104,2009,1.991119907
060102050104,2010,2.070617397
060102050104,2011,1.988670074
060102050104,2012,1.934381172
060102050104,2013,1.904007005
060102050104,2014,1.969340493
060102050104,2015,1.897942937
060102050104,2016,1.845894997
060102050104,2017,1.868338466
060102050104,2018,1.877728381
060102050104,2019,1.833488099
060102050104,2020,1.826074399
060102050105,2000,0.246938019
060102050105,2001,0.261570942
060102050105,2002,0.260426527
060102050105,2003,0.255175975
060102050105,2004,0.260952194
060102050105,2005,0.264359096
060102050105,2006,0.260612479
060102050105,2007,0.257605225
060102050105,2008,0.246088384
060102050105,2009,0.24823499
060102050105,2010,0.257896438
060102050105,2011,0.24745915
060102050105,2012,0.24043083
060102050105,2013,0.236988456
060102050105,2014,0.245446605
060102050105,2015,0.235901712
060102050105,2016,0.229161166
060102050105,2017,0.231824315
060102050105,2018,0.233074051
060102050105,2019,0.227607348
060102050105,2020,0.226605117
060102050201,2000,0.0
060102050201,2001,0.0
060102050201,2002,0.0
060102050201,2003,0.0
060102050201,2004,0.0
060102050201,2005,0.0
060102050201,2006,0.0
060102050201,2007,0.0
060102050201,2008,0.0
060102050201,2009,0.0
060102050201,2010,0.0
060102050201,2011,0.0
060102050201,2012,0.0
060102050201,2013,0.0
060102050201,2014,0.0
060102050201,2015,0.0
060102050201,2016,0.0
060102050201,2017,0.0
060102050201,2018,0.0
060102050201,2019,0.0
060102050201,2020,0.0
060102050202,2000,0.0
060102050202,2001,0.0
060102050202,2002,0.0
060102050202,2003,0.0
060102050202,2004,0.0
060102050202,2005,0.0
060102050202,2006,0.0
060102050202,2007,0.0
060102050202,2008,0.0
060102050202,2009,0.0
060102050202,2010,0.0
060102050202,2011,0.0
060102050202,2012,0.0
060102050202,2013,0.0
060102050202,2014,0.0
060102050202,2015,0.0
060102050202,2016,0.0
060102050202,2017,0.0
060102050202,2018,0.0
060102050202,2019,0.0
060102050202,2020,0.0
060102050203,2000,0.0
060102050203,2001,0.0
060102050203,2002,0.0
060102050203,2003,0.0
060102050203,2004,0.0
060102050203,2005,0.0
060102050203,2006,0.0
060102050203,2007,0.0
060102050203,2008,0.0
060102050203,2009,0.0
060102050203,2010,0.0
060102050203,2011,0.0
060102050203,2012,0.0
060102050203,2013,0.0
060102050203,2014,0.0
060102050203,2015,0.0
060102050203,2016,0.0
060102050203,2017,0.0
060102050203,2018,0.0
060102050203,2019,0.0
060102050203,2020,0.0
060102050204,2000,0.062990127
060102050204,2001,0.061985844
060102050204,2002,0.060644415
060102050204,2003,0.057880569
060102050204,2004,0.059852291
060102050204,2005,0.066225613
060102050204,2006,0.059019111
060102050204,2007,0.063610956
060102050204,2008,0.059584958
060102050204,2009,0.061125511
060102050204,2010,0.064925314
060102050204,2011,0.063612111
060102050204,2012,0.063361908
060102050204,2013,0.06055374
060102050204,2014,0.06085505
060102050204,2015,0.062168783
060102050204,2016,0.061941727
060102050204,2017,0.063365348
060102050204,2018,0.063222936
060102050204,2019,0.06159902
060102050204,2020,0.061795991
060102050301,2000,0.28068657
060102050301,2001,0.278801758
060102050301,2002,0.278686091
060102050301,2003,0.275451476
060102050301,2004,0.276493873
060102050301,2005,0.260360783
060102050301,2006,0.254019639
060102050301,2007,0.25934649
060102050301,2008,0.264180603
060102050301,2009,0.271219883
060102050301,2010,0.266629191
060102050301,2011,0.268905794
060102050301,2012,0.260866872
060102050301,2013,0.239725712
060102050301,2014,0.247695318
060102050301,2015,0.248442055
060102050301,2016,0.218056635
060102050301,2017,0.216586721
060102050301,2018,0.221095821
060102050301,2019,0.202213745
060102050301,2020,0.197096056
060102050302,2000,0.0
060102050302,2001,0.0
060102050302,2002,0.0
060102050302,2003,0.0
060102050302,2004,0.0
060102050302,2005,0.0
060102050302,2006,0.0
060102050302,2007,0.0
060102050302,2008,0.0
060102050302,2009,0.0
060102050302,2010,0.0
060102050302,2011,0.0
060102050302,2012,0.0
060102050302,2013,0.0
060102050302,2014,0.0
060102050302,2015,0.0
060102050302,2016,0.0
060102050302,2017,0.0
060102050302,2018,0.0
060102050302,2019,0.0
060102050302,2020,0.0
060102050303,2000,0.0
060102050303,2001,0.0
060102050303,2002,0.0
060102050303,2003,0.0
060102050303,2004,0.0
060102050303,2005,0.0
060102050303,2006,0.0
060102050303,2007,0.0
060102050303,2008,0.0
060102050303,2009,0.0
060102050303,2010,0.0
060102050303,2011,0.0
060102050303,2012,0.0
060102050303,2013,0.0
060102050303,2014,0.0
060102050303,2015,0.0
060102050303,2016,0.0
060102050303,2017,0.0
060102050303,2018,0.0
060102050303,2019,0.0
060102050303,2020,0.0
060102050304,2000,0.901081298
060102050304,2001,0.900516505
060102050304,2002,0.876104991
060102050304,2003,0.911783781
060102050304,2004,0.913842187
060102050304,2005,0.911255193
060102050304,2006,0.91099653
060102050304,2007,0.913238395
060102050304,2008,0.892375348
060102050304,2009,0.863814407
060102050304,2010,0.912470639
060102050304,2011,0.871755153
060102050304,2012,0.867179334
060102050304,2013,0.853656079
060102050304,2014,0.846778879
060102050304,2015,0.853539765
060102050304,2016,0.823346886
060102050304,2017,0.830456262
060102050304,2018,0.845208806
060102050304,2019,0.800239554
060102050304,2020,0.802322071
060102050401,2000,0.033527644
060102050401,2001,0.034329756
060102050401,2002,0.035597678
060102050401,2003,0.032684048
060102050401,2004,0.032144166
060102050401,2005,0.029575877
060102050401,2006,0.029529889
060102050401,2007,0.027929336
060102050401,2008,0.030033376
060102050401,2009,0.026808142
060102050401,2010,0.027171159
060102050401,2011,0.026795612
060102050401,2012,0.028235741
060102050401,2013,0.026364219
060102050401,2014,0.026925048
060102050401,2015,0.023017053
060102050401,2016,0.022542216
060102050401,2017,0.02209046
060102050401,2018,0.020624283
060102050401,2019,0.022246741
060102050401,2020,0.022463557
060102050402,2000,0.0
060102050402,2001,0.0
060102050402,2002,0.0
060102050402,2003,0.0
060102050402,2004,0.0
060102050402,2005,0.0
060102050402,2006,0.0
060102050402,2007,0.0
060102050402,2008,0.0
060102050402,2009,0.0
060102050402,2010,0.0
060102050402,2011,0.0
060102050402,2012,0.0
060102050402,2013,0.0
060102050402,2014,0.0
060102050402,2015,0.0
060102050402,2016,0.0
060102050402,2017,0.0
060102050402,2018,0.0
060102050402,2019,0.0
060102050402,2020,0.0
060102050403,2000,0.226140123
060102050403,2001,0.224764442
060102050403,2002,0.207851842
060102050403,2003,0.200890747
060102050403,2004,0.203492088
060102050403,2005,0.205975844
060102050403,2006,0.201401164
060102050403,2007,0.187356545
060102050403,2008,0.199738944
060102050403,2009,0.194030919
060102050403,2010,0.234601336
060102050403,2011,0.21443511
060102050403,2012,0.20311607
060102050403,2013,0.220078733
060102050403,2014,0.204201164
060102050403,2015,0.208381632
060102050403,2016,0.195686374
060102050403,2017,0.189580544
060102050403,2018,0.205092313
060102050403,2019,0.193224514
060102050403,2020,0.177473131
060102050404,2000,0.0
060102050404,2001,0.0
060102050404,2002,0.0
060102050404,2003,0.0
060102050404,2004,0.0
060102050404,2005,0.0
060102050404,2006,0.0
060102050404,2007,0.0
060102050404,2008,0.0
060102050404,2009,0.0
060102050404,2010,0.0
060102050404,2011,0.0
060102050404,2012,0.0
060102050404,2013,0.0
060102050404,2014,0.0
060102050404,2015,0.0
060102050404,2016,0.0
060102050404,2017,0.0
060102050404,2018,0.0
060102050404,2019,0.0
060102050404,2020,0.0
060102050405,2000,0.206735367
060102050405,2001,0.205477723
060102050405,2002,0.19001638
060102050405,2003,0.183652606
060102050405,2004,0.186030739
060102050405,2005,0.188301332
060102050405,2006,0.184119215
060102050405,2007,0.171279759
060102050405,2008,0.182599625
060102050405,2009,0.177381408
060102050405,2010,0.21447054
060102050405,2011,0.196034752
060102050405,2012,0.185686961
060102050405,2013,0.201194078
060102050405,2014,0.186678937
060102050405,2015,0.190500704
060102050405,2016,0.178894793
060102050405,2017,0.173312915
060102050405,2018,0.187493615
060102050405,2019,0.176644209
060102050405,2020,0.162244416
060102050501,2000,0.96878898
060102050501,2001,0.967728067
060102050501,2002,0.940599381
060102050501,2003,0.911797093
060102050501,2004,0.935623282
060102050501,2005,0.96289466
060102050501,2006,0.959776854
060102050501,2007,0.921574887
060102050501,2008,0.896630784
060102050501,2009,0.928181859
060102050501,2010,0.906207352
060102050501,2011,0.891196213
060102050501,2012,0.884596142
060102050501,2013,0.848714389
060102050501,2014,0.853823289
060102050501,2015,0.840897583
060102050501,2016,0.830950269
060102050501,2017,0.840965241
060102050501,2018,0.813183847
060102050501,2019,0.797397581
060102050501,2020,0.78580456
060102050502,2000,0.661589984
060102050502,2001,0.641185995
060102050502,2002,0.638141942
060102050502,2003,0.625717833
060102050502,2004,0.641452574
060102050502,2005,0.656653447
060102050502,2006,0.660549429
060102050502,2007,0.635864261
060102050502,2008,0.625238196
060102050502,2009,0.597296034
060102050502,2010,0.651407874
060102050502,2011,0.622925622
060102050502,2012,0.627034014
060102050502,2013,0.577664551
060102050502,2014,0.572657338
060102050502,2015,0.567668383
060102050502,2016,0.55259954
060102050502,2017,0.555864674
060102050502,2018,0.555365572
060102050502,2019,0.509772465
060102050502,2020,0.503889257
060102050503,2000,0.654639051
060102050503,2001,0.657949968
060102050503,2002,0.646664978
060102050503,2003,0.616369856
060102050503,2004,0.645339157
060102050503,2005,0.648683567
060102050503,2006,0.666089895
060102050503,2007,0.638571046
060102050503,2008,0.650726371
060102050503,2009,0.621487433
060102050503,2010,0.623821554
060102050503,2011,0.609329347
060102050503,2012,0.566963457
060102050503,2013,0.570717424
060102050503,2014,0.547652397
060102050503,2015,0.559145618
060102050503,2016,0.53815822
060102050503,2017,0.528525954
060102050503,2018,0.534210497
060102050503,2019,0.505299942
060102050503,2020,0.495616299
060102050601,2000,0.0
060102050601,2001,0.0
060102050601,2002,0.0
060102050601,2003,0.0
060102050601,2004,0.0
060102050601,2005,0.0
060102050601,2006,0.0
060102050601,2007,0.0
060102050601,2008,0.0
060102050601,2009,0.0
060102050601,2010,0.0
060102050601,2011,0.0
060102050601,2012,0.0
060102050601,2013,0.0
060102050601,2014,0.0
060102050601,2015,0.0
060102050601,2016,0.0
060102050601,2017,0.0
060102050601,2018,0.0
060102050601,2019,0.0
060102050601,2020,0.0
060102050602,2000,0.061869344
060102050602,2001,0.059309177
060102050602,2002,0.061149251
060102050602,2003,0.059249504
060102050602,2004,0.060040451
060102050602,2005,0.060059947
060102050602,2006,0.056318278
060102050602,2007,0.056860787
060102050602,2008,0.056048005
060102050602,2009,0.04931326
060102050602,2010,0.047564569
060102050602,2011,0.049036321
060102050602,2012,0.050765387
060102050602,2013,0.049396456
060102050602,2014,0.05092934
060102050602,2015,0.0499774
060102050602,2016,0.046903705
060102050602,2017,0.042592938
060102050602,2018,0.042600891
060102050602,2019,0.045110147
060102050602,2020,0.039489553
060102050603,2000,0.0
060102050603,2001,0.0
060102050603,2002,0.0
060102050603,2003,0.0
060102050603,2004,0.0
060102050603,2005,0.0
060102050603,2006,0.0
060102050603,2007,0.0
060102050603,2008,0.0
060102050603,2009,0.0
060102050603,2010,0.0
060102050603,2011,0.0
060102050603,2012,0.0
060102050603,2013,0.0
060102050603,2014,0.0
060102050603,2015,0.0
060102050603,2016,0.0
060102050603,2017,0.0
060102050603,2018,0.0
060102050603,2019,0.0
060102050603,2020,0.0
060102050604,2000,0.0
060102050604,2001,0.0
060102050604,2002,0.0
060102050604,2003,0.0
060102050604,2004,0.0
060102050604,2005,0.0
060102050604,2006,0.0
060102050604,2007,0.0
060102050604,2008,0.0
060102050604,2009,0.0
060102050604,2010,0.0
060102050604,2011,0.0
060102050604,2012,0.0
060102050604,2013,0.0
060102050604,2014,0.0
060102050604,2015,0.0
060102050604,2016,0.0
060102050604,2017,0.0
060102050604,2018,0.0
060102050604,2019,0.0
060102050604,2020,0.0
060102050605,2000,0.0
060102050605,2001,0.0
060102050605,2002,0.0
060102050605,2003,0.0
060102050605,2004,0.0
060102050605,2005,0.0
060102050605,2006,0.0
060102050605,2007,0.0
060102050605,2008,0.0
060102050605,2009,0.0
060102050605,2010,0.0
060102050605,2011,0.0
060102050605,2012,0.0
060102050605,2013,0.0
060102050605,2014,0.0
060102050605,2015,0.0
060102050605,2016,0.0
060102050605,2017,0.0
060102050605,2018,0.0
060102050605,2019,0.0
060102050605,2020,0.0
060102050606,2000,0.0
060102050606,2001,0.0
060102050606,2002,0.0
060102050606,2003,0.0
060102050606,2004,0.0
060102050606,2005,0.0
060102050606,2006,0.0
060102050606,2007,0.0
060102050606,2008,0.0
060102050606,2009,0.0
060102050606,2010,0.0
060102050606,2011,0.0
060102050606,2012,0.0
060102050606,2013,0.0
060102050606,2014,0.0
060102050606,2015,0.0
060102050606,2016,0.0
060102050606,2017,0.0
060102050606,2018,0.0
060102050606,2019,0.0
060102050606,2020,0.0
060102050701,2000,0.0
060102050701,2001,0.0
060102050701,2002,0.0
060102050701,2003,0.0
060102050701,2004,0.0
060102050701,2005,0.0
060102050701,2006,0.0
060102050701,2007,0.0
060102050701,2008,0.0
060102050701,2009,0.0
060102050701,2010,0.0
060102050701,2011,0.0
060102050701,2012,0.0
060102050701,2013,0.0
060102050701,2014,0.0
060102050701,2015,0.0
060102050701,2016,0.0
060102050701,2017,0.0
060102050701,2018,0.0
060102050701,2019,0.0
060102050701,2020,0.0
060102050702,2000,0.044049413
060102050702,2001,0.044189899
060102050702,2002,0.048760802
060102050702,2003,0.045901895
060102050702,2004,0.048343661
060102050702,2005,0.048769031
060102050702,2006,0.045342027
060102050702,2007,0.046034191
060102050702,2008,0.049556218
060102050702,2009,0.043975279
060102050702,2010,0.04615022
060102050702,2011,0.045106009
060102050702,2012,0.047022033
060102050702,2013,0.042685793
060102050702,2014,0.043720017
060102050702,2015,0.04307029
060102050702,2016,0.044252092
060102050702,2017,0.041181536
060102050702,2018,0.042100054
060102050702,2019,0.042918875
060102050702,2020,0.040117173
060102050703,2000,0.0
060102050703,2001,0.0
060102050703,2002,0.0
060102050703,2003,0.0
060102050703,2004,0.0
060102050703,2005,0.0
060102050703,2006,0.0
060102050703,2007,0.0
060102050703,2008,0.0
060102050703,2009,0.0
060102050703,2010,0.0
060102050703,2011,0.0
060102050703,2012,0.0
060102050703,2013,0.0
060102050703,2014,0.0
060102050703,2015,0.0
060102050703,2016,0.0
060102050703,2017,0.0
060102050703,2018,0.0
060102050703,2019,0.0
060102050703,2020,0.0
060102050801,2000,0.023552428
060102050801,2001,0.023819595
060102050801,2002,0.023757227
060102050801,2003,0.024869826
060102050801,2004,0.026393308
060102050801,2005,0.026632887
060102050801,2006,0.027265422
060102050801,2007,0.027807308
060102050801,2008,0.025980981
060102050801,2009,0.025347645
060102050801,2010,0.029787568
060102050801,2011,0.027861461
060102050801,2012,0.026990038
060102050801,2013,0.029653906
060102050801,2014,0.029428621
060102050801,2015,0.028949234
060102050801,2016,0.029024067
060102050801,2017,0.02862222
060102050801,2018,0.026947624
060102050801,2019,0.026562901
060102050801,2020,0.026037326
060102050802,2000,0.0
060102050802,2001,0.0
060102050802,2002,0.0
060102050802,2003,0.0
060102050802,2004,0.0
060102050802,2005,0.0
060102050802,2006,0.0
060102050802,2007,0.0
060102050802,2008,0.0
060102050802,2009,0.0
060102050802,2010,0.0
060102050802,2011,0.0
060102050802,2012,0.0
060102050802,2013,0.0
060102050802,2014,0.0
060102050802,2015,0.0
060102050802,2016,0.0
060102050802,2017,0.0
060102050802,2018,0.0
060102050802,2019,0.0
060102050802,2020,0.0
060102050804,2000,0.0
060102050804,2001,0.0
060102050804,2002,0.0
060102050804,2003,0.0
060102050804,2004,0.0
060102050804,2005,0.0
060102050804,2006,0.0
060102050804,2007,0.0
060102050804,2008,0.0
060102050804,2009,0.0
060102050804,2010,0.0
060102050804,2011,0.0
060102050804,2012,0.0
060102050804,2013,0.0
060102050804,2014,0.0
060102050804,2015,0.0
060102050804,2016,0.0
060102050804,2017,0.0
060102050804,2018,0.0
060102050804,2019,0.0
060102050804,2020,0.0
060102050805,2000,0.0
060102050805,2001,0.0
060102050805,2002,0.0
060102050805,2003,0.0
060102050805,2004,0.0
060102050805,2005,0.0
060102050805,2006,0.0
060102050805,2007,0.0
060102050805,2008,0.0
060102050805,2009,0.0
060102050805,2010,0.0
060102050805,2011,0.0
060102050805,2012,0.0
060102050805,2013,0.0
060102050805,2014,0.0
060102050805,2015,0.0
060102050805,2016,0.0
060102050805,2017,0.0
060102050805,2018,0.0
060102050805,2019,0.0
060102050805,2020,0.0
060102050807,2000,0.020996375
060102050807,2001,0.020910817
060102050807,2002,0.018879957
060102050807,2003,0.019387464
060102050807,2004,0.019960676
060102050807,2005,0.019897913
060102050807,2006,0.020389399
060102050807,2007,0.021645248
060102050807,2008,0.02065042
060102050807,2009,0.020504867
060102050807,2010,0.01896655
060102050807,2011,0.020485908
060102050807,2012,0.021287481
060102050807,2013,0.020167361
060102050807,2014,0.020709515
060102050807,2015,0.019610322
060102050807,2016,0.019460052
060102050807,2017,0.017835695
060102050807,2018,0.018564814
060102050807,2019,0.019216594
060102050807,2020,0.017595945
060102060101,2000,0.0
060102060101,2001,0.0
060102060101,2002,0.0
060102060101,2003,0.0
060102060101,2004,0.0
060102060101,2005,0.0
060102060101,2006,0.0
060102060101,2007,0.0
060102060101,2008,0.0
060102060101,2009,0.0
060102060101,2010,0.0
060102060101,2011,0.0
060102060101,2012,0.0
060102060101,2013,0.0
060102060101,2014,0.0
060102060101,2015,0.0
060102060101,2016,0.0
060102060101,2017,0.0
060102060101,2018,0.0
060102060101,2019,0.0
060102060101,2020,0.0
060102060102,2000,0.287313961
060102060102,2001,0.287563772
060102060102,2002,0.27652185
060102060102,2003,0.268801909
060102060102,2004,0.271724604
060102060102,2005,0.280667618
060102060102,2006,0.282686655
060102060102,2007,0.274467323
060102060102,2008,0.264626079
060102060102,2009,0.268141405
060102060102,2010,0.269922975
060102060102,2011,0.25548437
060102060102,2012,0.253615108
060102060102,2013,0.245251225
060102060102,2014,0.251689337
060102060102,2015,0.245866022
060102060102,2016,0.245609559
060102060102,2017,0.250382377
060102060102,2018,0.242357984
060102060102,2019,0.234702188
060102060102,2020,0.230135318
060102060103,2000,0.049553249
060102060103,2001,0.049428166
060102060103,2002,0.047085205
060102060103,2003,0.046045978
060102060103,2004,0.045615284
060102060103,2005,0.047297756
060102060103,2006,0.048394514
060102060103,2007,0.047693561
060102060103,2008,0.045545564
060102060103,2009,0.044104895
060102060103,2010,0.047302287
060102060103,2011,0.042305627
060102060103,2012,0.042131834
060102060103,2013,0.040826724
060102060103,2014,0.042911093
060102060103,2015,0.041519083
060102060103,2016,0.04195351
060102060103,2017,0.04312641
060102060103,2018,0.042066829
060102060103,2019,0.039560429
060102060103,2020,0.038550742
060102060104,2000,0.662602064
060102060104,2001,0.671056116
060102060104,2002,0.663793764
060102060104,2003,0.641026055
060102060104,2004,0.642038823
060102060104,2005,0.650747312
060102060104,2006,0.652839167
060102060104,2007,0.637818674
060102060104,2008,0.618536151
060102060104,2009,0.613994004
060102060104,2010,0.666723641
060102060104,2011,0.630609735
060102060104,2012,0.638351136
060102060104,2013,0.638597999
060102060104,2014,0.664034238
060102060104,2015,0.668008202
060102060104,2016,0.668738098
060102060104,2017,0.677690315
060102060104,2018,0.675292788
060102060104,2019,0.64889793
060102060104,2020,0.649598411
060102060105,2000,0.542420107
060102060105,2001,0.553528571
060102060105,2002,0.557536094
060102060105,2003,0.535229124
060102060105,2004,0.538858619
060102060105,2005,0.540285332
060102060105,2006,0.536798124
060102060105,2007,0.522166436
060102060105,2008,0.510284981
060102060105,2009,0.512654828
060102060105,2010,0.559945781
060102060105,2011,0.54307758
060102060105,2012,0.553577303
060102060105,2013,0.561098394
060102060105,2014,0.580914078
060102060105,2015,0.593508072
060102060105,2016,0.592005189
060102060105,2017,0.596549963
060102060105,2018,0.599454999
060102060105,2019,0.580791844
060102060105,2020,0.587238239
060102060201,2000,0.418358868
060102060201,2001,0.425890474
060102060201,2002,0.43062952
060102060201,2003,0.426153684
060102060201,2004,0.42206249
060102060201,2005,0.447144694
060102060201,2006,0.456158168
060102060201,2007,0.45202185
060102060201,2008,0.443416157
060102060201,2009,0.428794063
060102060201,2010,0.477725943
060102060201,2011,0.445693076
060102060201,2012,0.454294166
060102060201,2013,0.432984999
060102060201,2014,0.431623497
060102060201,2015,0.438834508
060102060201,2016,0.433178739
060102060201,2017,0.405082186
060102060201,2018,0.422080452
060102060201,2019,0.417286938
060102060201,2020,0.385452667
060102060202,2000,0.131739119
060102060202,2001,0.131406592
060102060202,2002,0.125177758
060102060202,2003,0.122414913
060102060202,2004,0.121269904
060102060202,2005,0.125742813
060102060202,2006,0.128658562
060102060202,2007,0.126795069
060102060202,2008,0.121084557
060102060202,2009,0.117254472
060102060202,2010,0.12575487
060102060202,2011,0.112471062
060102060202,2012,0.112009019
060102060202,2013,0.108539335
060102060202,2014,0.114080703
060102060202,2015,0.110379989
060102060202,2016,0.111534946
060102060202,2017,0.114653147
060102060202,2018,0.111836207
060102060202,2019,0.105172847
060102060202,2020,0.102488554
060102060203,2000,0.030866188
060102060203,2001,0.031384392
060102060203,2002,0.031793635
060102060203,2003,0.031923704
060102060203,2004,0.031372692
060102060203,2005,0.034090432
060102060203,2006,0.03517863
060102060203,2007,0.03513196
060102060203,2008,0.034517226
060102060203,2009,0.032843581
060102060203,2010,0.036904199
060102060203,2011,0.033852965
060102060203,2012,0.034505731
060102060203,2013,0.031953245
060102060203,2014,0.031250901
060102060203,2015,0.031692429
060102060203,2016,0.031112554
060102060203,2017,0.027896872
060102060203,2018,0.029684635
060102060203,2019,0.029678154
060102060203,2020,0.025998511
060102060204,2000,0.405488679
060102060204,2001,0.412296335
060102060204,2002,0.417672543
060102060204,2003,0.419381256
060102060204,2004,0.412142619
060102060204,2005,0.447845535
060102060204,2006,0.462141181
060102060204,2007,0.461528083
060102060204,2008,0.453452327
060102060204,2009,0.43146567
060102060204,2010,0.48480993
060102060204,2011,0.444725942
060102060204,2012,0.453301315
060102060204,2013,0.419769341
060102060204,2014,0.410542669
060102060204,2015,0.416343021
060102060204,2016,0.408725197
060102060204,2017,0.366480827
060102060204,2018,0.389966647
060102060204,2019,0.389881502
060102060204,2020,0.34154207
060102060301,2000,0.167316657
060102060301,2001,0.166101845
060102060301,2002,0.165854751
060102060301,2003,0.168429171
060102060301,2004,0.172670123
060102060301,2005,0.173363628
060102060301,2006,0.176756847
060102060301,2007,0.173409531
060102060301,2008,0.173233363
060102060301,2009,0.185174315
060102060301,2010,0.189217876
060102060301,2011,0.173651973
060102060301,2012,0.172883332
060102060301,2013,0.168264693
060102060301,2014,0.18022795
060102060301,2015,0.171892042
060102060301,2016,0.168066296
060102060301,2017,0.161545491
060102060301,2018,0.183112669
060102060301,2019,0.169457827
060102060301,2020,0.157684888
060102060302,2000,0.0
060102060302,2001,0.0
060102060302,2002,0.0
060102060302,2003,0.0
060102060302,2004,0.0
060102060302,2005,0.0
060102060302,2006,0.0
060102060302,2007,0.0
060102060302,2008,0.0
060102060302,2009,0.0
060102060302,2010,0.0
060102060302,2011,0.0
060102060302,2012,0.0
060102060302,2013,0.0
060102060302,2014,0.0
060102060302,2015,0.0
060102060302,2016,0.0
060102060302,2017,0.0
060102060302,2018,0.0
060102060302,2019,0.0
060102060302,2020,0.0
060102060303,2000,0.0
060102060303,2001,0.0
060102060303,2002,0.0
060102060303,2003,0.0
060102060303,2004,0.0
060102060303,2005,0.0
060102060303,2006,0.0
060102060303,2007,0.0
060102060303,2008,0.0
060102060303,2009,0.0
060102060303,2010,0.0
060102060303,2011,0.0
060102060303,2012,0.0
060102060303,2013,0.0
060102060303,2014,0.0
060102060303,2015,0.0
060102060303,2016,0.0
060102060303,2017,0.0
060102060303,2018,0.0
060102060303,2019,0.0
060102060303,2020,0.0
060102060304,2000,0.0
060102060304,2001,0.0
060102060304,2002,0.0
060102060304,2003,0.0
060102060304,2004,0.0
060102060304,2005,0.0
060102060304,2006,0.0
060102060304,2007,0.0
060102060304,2008,0.0
060102060304,2009,0.0
060102060304,2010,0.0
060102060304,2011,0.0
060102060304,2012,0.0
060102060304,2013,0.0
060102060304,2014,0.0
060102060304,2015,0.0
060102060304,2016,0.0
060102060304,2017,0.0
060102060304,2018,0.0
060102060304,2019,0.0
060102060304,2020,0.0
060102060305,2000,0.0
060102060305,2001,0.0
060102060305,2002,0.0
060102060305,2003,0.0
060102060305,2004,0.0
060102060305,2005,0.0
060102060305,2006,0.0
060102060305,2007,0.0
060102060305,2008,0.0
060102060305,2009,0.0
060102060305,2010,0.0
060102060305,2011,0.0
060102060305,2012,0.0
060102060305,2013,0.0
060102060305,2014,0.0
060102060305,2015,0.0
060102060305,2016,0.0
060102060305,2017,0.0
060102060305,2018,0.0
060102060305,2019,0.0
060102060305,2020,0.0
060102060306,2000,0.0
060102060306,2001,0.0
060102060306,2002,0.0
060102060306,2003,0.0
060102060306,2004,0.0
060102060306,2005,0.0
060102060306,2006,0.0
060102060306,2007,0.0
060102060306,2008,0.0
060102060306,2009,0.0
060102060306,2010,0.0
060102060306,2011,0.0
060102060306,2012,0.0
060102060306,2013,0.0
060102060306,2014,0.0
060102060306,2015,0.0
060102060306,2016,0.0
060102060306,2017,0.0
060102060306,2018,0.0
060102060306,2019,0.0
060102060306,2020,0.0
060102060307,2000,0.0
060102060307,2001,0.0
060102060307,2002,0.0
060102060307,2003,0.0
060102060307,2004,0.0
060102060307,2005,0.0
060102060307,2006,0.0
060102060307,2007,0.0
060102060307,2008,0.0
060102060307,2009,0.0
060102060307,2010,0.0
060102060307,2011,0.0
060102060307,2012,0.0
060102060307,2013,0.0
060102060307,2014,0.0
060102060307,2015,0.0
060102060307,2016,0.0
060102060307,2017,0.0
060102060307,2018,0.0
060102060307,2019,0.0
060102060307,2020,0.0
060102060402,2000,0.0
060102060402,2001,0.0
060102060402,2002,0.0
060102060402,2003,0.0
060102060402,2004,0.0
060102060402,2005,0.0
060102060402,2006,0.0
060102060402,2007,0.0
060102060402,2008,0.0
060102060402,2009,0.0
060102060402,2010,0.0
060102060402,2011,0.0
060102060402,2012,0.0
060102060402,2013,0.0
060102060402,2014,0.0
060102060402,2015,0.0
060102060402,2016,0.0
060102060402,2017,0.0
060102060402,2018,0.0
060102060402,2019,0.0
060102060402,2020,0.0
060102060403,2000,0.268404719
060102060403,2001,0.280993359
060102060403,2002,0.279906882
060102060403,2003,0.2916321
060102060403,2004,0.304868064
060102060403,2005,0.310170469
060102060403,2006,0.301135691
060102060403,2007,0.289228968
060102060403,2008,0.302220986
060102060403,2009,0.273963739
060102060403,2010,0.232067366
060102060403,2011,0.272927807
060102060403,2012,0.270943993
060102060403,2013,0.242133687
060102060403,2014,0.238602875
060102060403,2015,0.254671027
060102060403,2016,0.246441949
060102060403,2017,0.238083948
060102060403,2018,0.232693186
060102060403,2019,0.250874052
060102060403,2020,0.224502034
060102060404,2000,0.530195978
060102060404,2001,0.550284788
060102060404,2002,0.549847456
060102060404,2003,0.558369833
060102060404,2004,0.576611319
060102060404,2005,0.585939044
060102060404,2006,0.579241562
060102060404,2007,0.554519207
060102060404,2008,0.570497502
060102060404,2009,0.551905421
060102060404,2010,0.508467609
060102060404,2011,0.562288867
060102060404,2012,0.549860502
060102060404,2013,0.520819938
060102060404,2014,0.535276559
060102060404,2015,0.527918124
060102060404,2016,0.517054161
060102060404,2017,0.483860252
060102060404,2018,0.478131577
060102060404,2019,0.491897111
060102060404,2020,0.445492412
