State,Year,Water_Usage
Alabama,2000,6609.3540776
Arizona,2000,9260.831460007
Arkansas,2000,4346.423128783
California,2000,48897.844434207
Colorado,2000,7412.1690634
Connecticut,2000,2900.133004004
Delaware,2000,577.475040682
Florida,2000,19653.161214772
Georgia,2000,10877.645536644
Idaho,2000,2234.023237876
Illinois,2000,19255.80621242
Indiana,2000,7840.82535342
Iowa,2000,3871.232569951
Kansas,2000,6003.385365425
Kentucky,2000,5981.97870578
Louisiana,2000,7241.90448714
Maine,2000,978.84174098
Maryland,2000,6710.17910704
Massachusetts,2000,6437.85193028
Michigan,2000,12531.592601437
Minnesota,2000,5791.63419392
Mississippi,2000,4934.87782048
Missouri,2000,6312.08382366
Montana,2000,1394.74942449
Nebraska,2000,3263.770452334
Nevada,2000,4394.317844299
New Hampshire,2000,828.071327612
New Jersey,2000,9226.737562827
New Mexico,2000,2996.820557426
New York,2000,26685.829009285
North Carolina,2000,9519.34041497
North Dakota,2000,820.04326166
Ohio,2000,16306.474259035
Oklahoma,2000,6188.303902901
Oregon,2000,6407.718471189
Pennsylvania,2000,14437.6381233559
Rhode Island,2000,1364.72139328
South Carolina,2000,5742.77823084
South Dakota,2000,1070.214098486
Tennessee,2000,6465.90375045
Texas,2000,42551.218581539
Utah,2000,5359.182512169
Vermont,2000,326.30529234
Virginia,2000,14143.355316256
Washington,2000,7661.81458532
West Virginia,2000,1967.85592029
Wisconsin,2000,5834.365122987
Wyoming,2000,965.179974868
Alabama,2001,6685.8642673
Arizona,2001,9403.004901336
Arkansas,2001,4428.167400022
California,2001,49141.445732144
Colorado,2001,7513.711556297
Connecticut,2001,3018.378507704
Delaware,2001,591.98028611
Florida,2001,19458.048107145
Georgia,2001,10913.595770023
Idaho,2001,2286.697732333
Illinois,2001,19436.217799831
Indiana,2001,7949.75426325
Iowa,2001,3824.438100192
Kansas,2001,5921.71146999
Kentucky,2001,6041.35371186
Louisiana,2001,6824.49233531
Maine,2001,1003.07802516
Maryland,2001,6681.39808165
Massachusetts,2001,6394.04857215
Michigan,2001,12788.747545228
Minnesota,2001,5817.132999201
Mississippi,2001,4846.66741325
Missouri,2001,6351.428586339
Montana,2001,1418.49581125
Nebraska,2001,3281.244220717
Nevada,2001,4574.200577703
New Hampshire,2001,913.949788618
New Jersey,2001,9797.345955586
New Mexico,2001,2933.657916391
New York,2001,28700.615884805
North Carolina,2001,9813.15156111
North Dakota,2001,823.338568633
Ohio,2001,16255.603378509
Oklahoma,2001,6111.411662966
Oregon,2001,6465.1362021
Pennsylvania,2001,14806.279159409
Rhode Island,2001,1434.90781171
South Carolina,2001,5828.82020605
South Dakota,2001,1067.901383505
Tennessee,2001,6510.72322062
Texas,2001,42054.095497514
Utah,2001,5458.3595209
Vermont,2001,350.372380063
Virginia,2001,14902.014007771
Washington,2001,7741.5137261248
West Virginia,2001,1974.93822817
Wisconsin,2001,5895.366133727
Wyoming,2001,970.535673341
Alabama,2002,6793.89601657
Arizona,2002,9771.593194543
Arkansas,2002,4379.779902414
California,2002,49105.322606073
Colorado,2002,7687.316420454
Connecticut,2002,3005.559325991
Delaware,2002,587.3016245
Florida,2002,19158.171180218
Georgia,2002,11010.781425819
Idaho,2002,2310.252584268
Illinois,2002,19162.384409004
Indiana,2002,7938.73127903
Iowa,2002,3859.284546588
Kansas,2002,5887.52654329
Kentucky,2002,6126.11885081
Louisiana,2002,6892.76211399
Maine,2002,980.63840832
Maryland,2002,6572.867448663
Massachusetts,2002,6349.63168884
Michigan,2002,13210.352781651
Minnesota,2002,5560.891754468
Mississippi,2002,4803.79495901
Missouri,2002,6369.433159497
Montana,2002,1388.853822356
Nebraska,2002,3310.360285106
Nevada,2002,4677.265830147
New Hampshire,2002,860.400042376
New Jersey,2002,9664.664076429
New Mexico,2002,3002.954239785
New York,2002,28597.432047175
North Carolina,2002,9942.94871769
North Dakota,2002,835.986603606
Ohio,2002,16331.119793598
Oklahoma,2002,5972.878514187
Oregon,2002,6728.78731016
Pennsylvania,2002,14626.782271755
Rhode Island,2002,1380.89204254
South Carolina,2002,5811.8462057
South Dakota,2002,1092.324180157
Tennessee,2002,6534.56170759
Texas,2002,41398.196908102
Utah,2002,5466.642340524
Vermont,2002,330.052111501
Virginia,2002,15123.010197197
Washington,2002,7915.904774178
West Virginia,2002,1969.99587939
Wisconsin,2002,5965.037297014
Wyoming,2002,981.609994607
Alabama,2003,6752.45509838
Arizona,2003,9729.902486234
Arkansas,2003,4335.623631004
California,2003,50573.618423458
Colorado,2003,7698.410652495
Connecticut,2003,3066.087950062
Delaware,2003,616.61935131
Florida,2003,19567.242930311
Georgia,2003,10730.182276095
Idaho,2003,2370.868740697
Illinois,2003,19212.33885871
Indiana,2003,7571.23529139
Iowa,2003,3819.573574745
Kansas,2003,5728.592701521
Kentucky,2003,6029.26548994
Louisiana,2003,6744.34987787
Maine,2003,977.69991762
Maryland,2003,6898.417236989
Massachusetts,2003,6721.0002116
Michigan,2003,12645.51937871
Minnesota,2003,5719.619576766
Mississippi,2003,4682.50258746
Missouri,2003,6491.973178733
Montana,2003,1436.318918429
Nebraska,2003,3206.095814962
Nevada,2003,4907.529821772
New Hampshire,2003,856.819948901
New Jersey,2003,9652.328822341
New Mexico,2003,3020.613397728
New York,2003,28482.712687905
North Carolina,2003,9682.02751736
North Dakota,2003,853.812355455
Ohio,2003,16050.226546194
Oklahoma,2003,6208.284790671
Oregon,2003,6883.359331205
Pennsylvania,2003,14565.302993699
Rhode Island,2003,1444.32672337
South Carolina,2003,5841.76238673
South Dakota,2003,1075.546325053
Tennessee,2003,6606.3409178
Texas,2003,41957.482667879
Utah,2003,5597.254083176
Vermont,2003,338.91850132
Virginia,2003,14464.047990476
Washington,2003,8154.0298336874
West Virginia,2003,1864.49460544
Wisconsin,2003,6011.442751244
Wyoming,2003,995.911897507
Alabama,2004,6907.57618643
Arizona,2004,9958.264126003
Arkansas,2004,4262.917200989
California,2004,50218.488394654
Colorado,2004,7647.024271692
Connecticut,2004,3137.983762954
Delaware,2004,612.46693126
Florida,2004,19960.866695879
Georgia,2004,10965.026775331
Idaho,2004,2336.646910599
Illinois,2004,18810.078379265
Indiana,2004,7762.96486894
Iowa,2004,3748.74720792
Kansas,2004,5717.771900019
Kentucky,2004,6066.72378997
Louisiana,2004,6830.60591556
Maine,2004,985.638555
Maryland,2004,6742.052707112
Massachusetts,2004,6826.23158156
Michigan,2004,11990.354826529
Minnesota,2004,5752.707460097
Mississippi,2004,4632.603437586
Missouri,2004,6475.409583668
Montana,2004,1391.669608372
Nebraska,2004,3257.136949235
Nevada,2004,5078.796909561
New Hampshire,2004,837.359140184
New Jersey,2004,9886.392740901
New Mexico,2004,2880.979789385
New York,2004,28843.02132391
North Carolina,2004,9996.94549576
North Dakota,2004,818.139638561
Ohio,2004,16401.343256019
Oklahoma,2004,5946.22245695
Oregon,2004,6649.817955531
Pennsylvania,2004,14773.323021478
Rhode Island,2004,1395.84517539
South Carolina,2004,5964.37870954
South Dakota,2004,1061.874676485
Tennessee,2004,6693.63050864
Texas,2004,40978.533535101
Utah,2004,5619.994402907
Vermont,2004,331.24480439
Virginia,2004,14908.112020511
Washington,2004,8055.609463693
West Virginia,2004,1885.165433898
Wisconsin,2004,5874.098042043
Wyoming,2004,993.167799903
Alabama,2005,6951.03713687
Arizona,2005,10082.366038968
Arkansas,2005,4446.840523525
California,2005,50803.43980353
Colorado,2005,7934.172180402
Connecticut,2005,3107.394119967
Delaware,2005,608.49015434
Florida,2005,20492.26765858
Georgia,2005,11149.320990423
Idaho,2005,2367.778704922
Illinois,2005,18621.176918677
Indiana,2005,7897.54758142
Iowa,2005,3854.734775576
Kansas,2005,5776.913789117
Kentucky,2005,6054.11765442
Louisiana,2005,6919.40168959
Maine,2005,983.50083072
Maryland,2005,6786.264197225
Massachusetts,2005,6829.52718002
Michigan,2005,12631.312442108
Minnesota,2005,5811.40037564
Mississippi,2005,4741.543256511
Missouri,2005,6581.758855742
Montana,2005,1402.722461725
Nebraska,2005,3255.66923701
Nevada,2005,5195.73819345
New Hampshire,2005,858.081621382
New Jersey,2005,10436.742432872
New Mexico,2005,2989.370159699
New York,2005,29203.64761467
North Carolina,2005,10232.52748799
North Dakota,2005,823.786679776
Ohio,2005,16607.501196693
Oklahoma,2005,6006.601908435
Oregon,2005,6694.332837697
Pennsylvania,2005,14992.866773581
Rhode Island,2005,1409.43801954
South Carolina,2005,5937.34249098
South Dakota,2005,1071.947771577
Tennessee,2005,6792.46383884
Texas,2005,44578.095259407
Utah,2005,5688.862531485
Vermont,2005,333.751349769
Virginia,2005,15289.26749307
Washington,2005,8167.685268797
West Virginia,2005,1913.45079071
Wisconsin,2005,6108.195846528
Wyoming,2005,1003.189592005
Alabama,2006,7049.97445672
Arizona,2006,10253.913810777
Arkansas,2006,4436.734294077
California,2006,52101.361633328
Colorado,2006,8106.092033276
Connecticut,2006,3064.879485834
Delaware,2006,609.388887014
Florida,2006,21548.343803819
Georgia,2006,11637.929615239
Idaho,2006,2434.191834908
Illinois,2006,19257.483382909
Indiana,2006,7812.43839665
Iowa,2006,3795.1867502
Kansas,2006,5779.93896965
Kentucky,2006,6137.43204774
Louisiana,2006,7295.60269728
Maine,2006,994.00667351
Maryland,2006,7038.660513495
Massachusetts,2006,6905.88531701
Michigan,2006,11973.842850736
Minnesota,2006,5789.01634362
Mississippi,2006,4859.08799974
Missouri,2006,6650.26774253
Montana,2006,1452.574373688
Nebraska,2006,3260.773311967
Nevada,2006,5318.81047233
New Hampshire,2006,842.987195223
New Jersey,2006,10123.028648907
New Mexico,2006,2918.644087062
New York,2006,29502.373540925
North Carolina,2006,10287.18605718
North Dakota,2006,885.535135942
Ohio,2006,16657.588372202
Oklahoma,2006,6331.891512862
Oregon,2006,6897.746479522
Pennsylvania,2006,15011.718614353
Rhode Island,2006,1346.88582035
South Carolina,2006,6036.1555521
South Dakota,2006,1088.802725212
Tennessee,2006,6971.23491395
Texas,2006,45760.510198971
Utah,2006,5831.619942936
Vermont,2006,336.074442453
Virginia,2006,15277.39074177
Washington,2006,8546.3182397042
West Virginia,2006,1915.299013752
Wisconsin,2006,5846.600427156
Wyoming,2006,1039.765996044
Alabama,2007,7169.1347419
Arizona,2007,10401.267931743
Arkansas,2007,4370.182315712
California,2007,52725.784963367
Colorado,2007,7983.799647007
Connecticut,2007,3076.475935895
Delaware,2007,622.343614147
Florida,2007,22266.092638263
Georgia,2007,11989.335819358
Idaho,2007,2526.419737653
Illinois,2007,19010.441149175
Indiana,2007,8102.82034939
Iowa,2007,3790.027084689
Kansas,2007,5764.373277916
Kentucky,2007,6126.50750501
Louisiana,2007,7076.8615838
Maine,2007,1002.82542628
Maryland,2007,7525.315885206
Massachusetts,2007,6837.78433283
Michigan,2007,12539.124753176
Minnesota,2007,5972.046040514
Mississippi,2007,4837.22698487
Missouri,2007,6603.974577582
Montana,2007,1443.900225496
Nebraska,2007,3185.123000063
Nevada,2007,5566.977670075
New Hampshire,2007,888.664961012
New Jersey,2007,10164.76425566
New Mexico,2007,2962.919134836
New York,2007,29863.153710712
North Carolina,2007,11133.35141019
North Dakota,2007,847.011955253
Ohio,2007,17017.351405691
Oklahoma,2007,5951.868274047
Oregon,2007,6801.480830956
Pennsylvania,2007,15181.781227004
Rhode Island,2007,1403.35939119
South Carolina,2007,6246.21556016
South Dakota,2007,1095.154275086
Tennessee,2007,7133.96483577
Texas,2007,42341.541584619
Utah,2007,6317.973879568
Vermont,2007,331.632615846
Virginia,2007,16161.18169341
Washington,2007,8628.079380837
West Virginia,2007,1949.764737747
Wisconsin,2007,5864.108859924
Wyoming,2007,1048.263453667
Alabama,2008,7027.10477721
Arizona,2008,10554.283331201
Arkansas,2008,4332.409405928
California,2008,52096.726605596
Colorado,2008,7897.713266318
Connecticut,2008,3142.637125909
Delaware,2008,620.757898438
Florida,2008,21791.439375703
Georgia,2008,11516.39355976
Idaho,2008,2507.795963441
Illinois,2008,18806.770366645
Indiana,2008,7817.41483974
Iowa,2008,3724.2572185
Kansas,2008,5541.634464337
Kentucky,2008,6032.96533661
Louisiana,2008,6954.7383134
Maine,2008,978.94718234
Maryland,2008,7831.468621865
Massachusetts,2008,6868.12381397
Michigan,2008,11867.793544662
Minnesota,2008,5872.554285076
Mississippi,2008,4657.444271419
Missouri,2008,6493.432170046
Montana,2008,1414.623082505
Nebraska,2008,3241.194830054
Nevada,2008,5638.460486184
New Hampshire,2008,849.938932099
New Jersey,2008,10145.462378282
New Mexico,2008,2958.768591728
New York,2008,29382.983683034
North Carolina,2008,10363.673184631
North Dakota,2008,830.41687258
Ohio,2008,16402.609483727
Oklahoma,2008,5811.498991498
Oregon,2008,6476.442591358
Pennsylvania,2008,14861.45063075
Rhode Island,2008,1328.63972291
South Carolina,2008,6151.92618207
South Dakota,2008,1078.429921447
Tennessee,2008,6908.42748074
Texas,2008,45742.695362123
Utah,2008,6220.331423633
Vermont,2008,327.952028607
Virginia,2008,15291.92970236
Washington,2008,8405.527893944
West Virginia,2008,1903.332238001
Wisconsin,2008,5802.909979543
Wyoming,2008,1034.875899111
Alabama,2009,7090.29149637
Arizona,2009,10841.020343606
Arkansas,2009,4371.979727604
California,2009,52015.200356136
Colorado,2009,7935.585263669
Connecticut,2009,3175.816322446
Delaware,2009,659.850542881
Florida,2009,22232.263958943
Georgia,2009,11154.980607789
Idaho,2009,2472.715112346
Illinois,2009,18438.544050767
Indiana,2009,7524.89703464
Iowa,2009,3677.0208273
Kansas,2009,5555.346055768
Kentucky,2009,5942.66264077
Louisiana,2009,7141.233537374
Maine,2009,965.0382776
Maryland,2009,8924.413540489
Massachusetts,2009,6919.03600693
Michigan,2009,11169.78093548
Minnesota,2009,5928.194149764
Mississippi,2009,4650.71866004
Missouri,2009,6585.876739303
Montana,2009,1414.730481853
Nebraska,2009,3240.223119145
Nevada,2009,5851.780022927
New Hampshire,2009,852.883968141
New Jersey,2009,10111.489905265
New Mexico,2009,2962.837148933
New York,2009,29149.950356423
North Carolina,2009,10609.480608742
North Dakota,2009,804.991478825
Ohio,2009,16014.485812476
Oklahoma,2009,5717.109927019
Oregon,2009,6471.153811614
Pennsylvania,2009,14651.176314129
Rhode Island,2009,1367.00666585
South Carolina,2009,6030.73212817
South Dakota,2009,1065.972742847
Tennessee,2009,6979.45043812
Texas,2009,45470.195516072
Utah,2009,6037.908264477
Vermont,2009,323.415310233
Virginia,2009,15095.003297
Washington,2009,8209.950263003
West Virginia,2009,1874.967047654
Wisconsin,2009,5757.246336442
Wyoming,2009,1008.198011566
Alabama,2010,7263.90877837
Arizona,2010,10792.493842138
Arkansas,2010,4582.025283983
California,2010,50956.14146221
Colorado,2010,7853.263894734
Connecticut,2010,2994.233618766
Delaware,2010,641.551953628
Florida,2010,22221.033588466
Georgia,2010,11246.824140276
Idaho,2010,2451.045537033
Illinois,2010,18827.872229122
Indiana,2010,7618.340204443
Iowa,2010,3624.90220833
Kansas,2010,5545.063602398
Kentucky,2010,5917.39663617
Louisiana,2010,7178.48735199
Maine,2010,988.01584352
Maryland,2010,7122.228048575
Massachusetts,2010,6927.72114212
Michigan,2010,11210.83682648
Minnesota,2010,5896.381830982
Mississippi,2010,4854.40406369
Missouri,2010,6499.85774303
Montana,2010,1406.314832979
Nebraska,2010,3275.570752975
Nevada,2010,5894.32786914
New Hampshire,2010,920.470796733
New Jersey,2010,10207.646273732
New Mexico,2010,3001.061617466
New York,2010,27568.676310458
North Carolina,2010,10501.720851352
North Dakota,2010,799.221094704
Ohio,2010,16059.440887274
Oklahoma,2010,5927.94034367
Oregon,2010,6435.007615727
Pennsylvania,2010,14803.569295603
Rhode Island,2010,1388.76543906
South Carolina,2010,6111.06173008
South Dakota,2010,1017.426927814
Tennessee,2010,7152.80640088
Texas,2010,42756.665251518
Utah,2010,6022.591977055
Vermont,2010,332.5321688
Virginia,2010,15383.144407306
Washington,2010,8033.281061453
West Virginia,2010,1882.367692725
Wisconsin,2010,5596.47808628
Wyoming,2010,1013.347705098
Alabama,2011,7191.72924341
Arizona,2011,10996.356932522
Arkansas,2011,4657.936133663
California,2011,52337.838041473
Colorado,2011,8262.853771659
Connecticut,2011,3042.903678604
Delaware,2011,652.611511005
Florida,2011,22705.608317587
Georgia,2011,11442.592044734
Idaho,2011,2494.104299127
Illinois,2011,18458.387809095
Indiana,2011,7445.242679264
Iowa,2011,3718.145000433
Kansas,2011,5828.658616739
Kentucky,2011,5865.04613876
Louisiana,2011,7441.04651205
Maine,2011,979.35266863
Maryland,2011,8767.643525319
Massachusetts,2011,6816.96020135
Michigan,2011,11257.634592942
Minnesota,2011,5926.109797331
Mississippi,2011,4754.323526988
Missouri,2011,6554.761152123
Montana,2011,1410.987128071
Nebraska,2011,3229.863561499
Nevada,2011,6019.681267078
New Hampshire,2011,843.118876554
New Jersey,2011,10360.562133956
New Mexico,2011,3081.059362672
New York,2011,28847.911063751
North Carolina,2011,10663.642716835
North Dakota,2011,804.935671571
Ohio,2011,16179.167440705
Oklahoma,2011,7029.465245678
Oregon,2011,6240.93646603
Pennsylvania,2011,14576.704995622
Rhode Island,2011,1327.3904077
South Carolina,2011,6207.577661
South Dakota,2011,1036.553841564
Tennessee,2011,7080.32468782
Texas,2011,51100.01950273
Utah,2011,5981.929438989
Vermont,2011,327.135065759
Virginia,2011,15257.17268336
Washington,2011,8169.721529172
West Virginia,2011,1866.159798128
Wisconsin,2011,5671.400363721
Wyoming,2011,1008.991905292
Alabama,2012,7097.34939858
Arizona,2012,10852.676635591
Arkansas,2012,4781.588144368
California,2012,51255.52186524
Colorado,2012,8488.919651745
Connecticut,2012,2947.923456128
Delaware,2012,642.594807051
Florida,2012,22396.086734314
Georgia,2012,11276.116349594
Idaho,2012,2569.83906499
Illinois,2012,18137.987411275
Indiana,2012,7551.795300749
Iowa,2012,3932.803183752
Kansas,2012,5870.416252601
Kentucky,2012,5942.15138062
Louisiana,2012,7096.92663799
Maine,2012,979.67716536
Maryland,2012,7693.351646159
Massachusetts,2012,6750.51961024
Michigan,2012,11662.782547458
Minnesota,2012,5915.573516566
Mississippi,2012,4694.93546585
Missouri,2012,6928.051662501
Montana,2012,1497.098332064
Nebraska,2012,3438.016694799
Nevada,2012,6036.092012922
New Hampshire,2012,834.028900368
New Jersey,2012,9886.976220293
New Mexico,2012,3082.4269374
New York,2012,28720.615526991
North Carolina,2012,10663.611976246
North Dakota,2012,894.301915846
Ohio,2012,16443.551301065
Oklahoma,2012,6648.897030885
Oregon,2012,6286.606998642
Pennsylvania,2012,14743.279707331
Rhode Island,2012,1431.91963214
South Carolina,2012,6101.31364667
South Dakota,2012,1125.063201289
Tennessee,2012,7041.04181001
Texas,2012,47505.788699418
Utah,2012,6409.981442961
Vermont,2012,325.423019878
Virginia,2012,15536.51618908
Washington,2012,8216.6226757057
West Virginia,2012,1857.62039252
Wisconsin,2012,5920.452506244
Wyoming,2012,1065.49799762
Alabama,2013,7104.02883914
Arizona,2013,10797.207584724
Arkansas,2013,4565.550828128
California,2013,52709.295310026
Colorado,2013,8431.758388985
Connecticut,2013,2992.3999785
Delaware,2013,641.749564648
Florida,2013,22860.828018221
Georgia,2013,11015.094409844
Idaho,2013,2534.982116089
Illinois,2013,17935.156725917
Indiana,2013,7431.028999736
Iowa,2013,3708.854940177
Kansas,2013,5557.460574083
Kentucky,2013,5913.44201942
Louisiana,2013,6980.1388727
Maine,2013,969.03075533
Maryland,2013,7882.195475762
Massachusetts,2013,6688.63909349
Michigan,2013,11101.536502456
Minnesota,2013,5906.427145522
Mississippi,2013,4566.556432125
Missouri,2013,6848.286750354
Montana,2013,1461.075473863
Nebraska,2013,3300.328077281
Nevada,2013,6060.438253403
New Hampshire,2013,851.15463991
New Jersey,2013,10114.306374872
New Mexico,2013,2931.224329399
New York,2013,28195.079217618
North Carolina,2013,10708.272006526
North Dakota,2013,840.53989979
Ohio,2013,16199.300031016
Oklahoma,2013,6003.62146994
Oregon,2013,6351.431973848
Pennsylvania,2013,14692.124492474
Rhode Island,2013,1379.34883838
South Carolina,2013,6110.22850639
South Dakota,2013,1038.99773074
Tennessee,2013,7130.17249005
Texas,2013,46811.247757969
Utah,2013,6361.263144223
Vermont,2013,323.721726073
Virginia,2013,15235.33886235
Washington,2013,8117.6285058646
West Virginia,2013,1848.541344613
Wisconsin,2013,5588.02735956
Wyoming,2013,1022.268417445
Alabama,2014,7135.94688502
Arizona,2014,10962.276186657
Arkansas,2014,4531.899618962
California,2014,50728.232736117
Colorado,2014,8191.900368174
Connecticut,2014,3016.49938104
Delaware,2014,655.242071321
Florida,2014,23024.54358163
Georgia,2014,11372.428918032
Idaho,2014,2550.650692006
Illinois,2014,18384.837326991
Indiana,2014,7398.08457699
Iowa,2014,3706.842549918
Kansas,2014,5595.252535161
Kentucky,2014,6036.27520869
Louisiana,2014,6999.53116022
Maine,2014,954.42713502
Maryland,2014,8339.77292371
Massachusetts,2014,6744.81103216
Michigan,2014,11106.365653778
Minnesota,2014,5915.595198887
Mississippi,2014,4556.516093405
Missouri,2014,6867.11069301
Montana,2014,1461.000782444
Nebraska,2014,3278.640141551
Nevada,2014,5954.072106685
New Hampshire,2014,871.292351902
New Jersey,2014,10136.59305025
New Mexico,2014,2899.613920042
New York,2014,29079.365513457
North Carolina,2014,10900.536695803
North Dakota,2014,846.539114374
Ohio,2014,16163.672692828
Oklahoma,2014,5972.551684176
Oregon,2014,6468.126739992
Pennsylvania,2014,14729.566055616
Rhode Island,2014,1422.44422281
South Carolina,2014,6205.73351429
South Dakota,2014,995.439400873
Tennessee,2014,7171.34962126
Texas,2014,46190.220369766
Utah,2014,6166.189925811
Vermont,2014,328.271609698
Virginia,2014,15463.57347135
Washington,2014,8350.4913179345
West Virginia,2014,1858.663217856
Wisconsin,2014,5713.003276865
Wyoming,2014,1014.062329819
Alabama,2015,7086.15506411
Arizona,2015,10579.173593149
Arkansas,2015,4530.14125496
California,2015,49690.659509887
Colorado,2015,8646.608145419
Connecticut,2015,2967.789887973
Delaware,2015,643.060301852
Florida,2015,23519.69444272
Georgia,2015,11316.072567798
Idaho,2015,2610.602885125
Illinois,2015,17899.257488579
Indiana,2015,7334.37561393
Iowa,2015,3673.685873336
Kansas,2015,5678.997962051
Kentucky,2015,6136.97914006
Louisiana,2015,7064.75884608
Maine,2015,958.11823792
Maryland,2015,7911.573457774
Massachusetts,2015,6796.99752198
Michigan,2015,11548.175088922
Minnesota,2015,5881.832838247
Mississippi,2015,4500.864712531
Missouri,2015,6815.332875113
Montana,2015,1485.442732641
Nebraska,2015,3281.138703369
Nevada,2015,5805.502961205
New Hampshire,2015,859.823462796
New Jersey,2015,10275.88816033
New Mexico,2015,2793.339648336
New York,2015,26916.162109478
North Carolina,2015,10714.834887287
North Dakota,2015,893.869716072
Ohio,2015,16488.474822203
Oklahoma,2015,6023.587329229
Oregon,2015,6548.753649808
Pennsylvania,2015,14317.262860416
Rhode Island,2015,1451.49352471
South Carolina,2015,6182.927645178
South Dakota,2015,1029.676683119
Tennessee,2015,7246.52679648
Texas,2015,44964.901937512
Utah,2015,6272.894256755
Vermont,2015,328.831604855
Virginia,2015,15437.99295007
Washington,2015,8309.9091321769
West Virginia,2015,1871.921529952
Wisconsin,2015,5558.567853638
Wyoming,2015,1047.043439757
Alabama,2016,7048.28874321
Arizona,2016,10789.865618183
Arkansas,2016,4512.956651112
California,2016,49627.522413127
Colorado,2016,8616.400099872
Connecticut,2016,2918.227708648
Delaware,2016,643.789370722
Florida,2016,23863.875877962
Georgia,2016,11840.587726037
Idaho,2016,2667.383199229
Illinois,2016,17661.835635702
Indiana,2016,7335.64665107
Iowa,2016,3665.420106607
Kansas,2016,5573.690825263
Kentucky,2016,6188.26865823
Louisiana,2016,6944.180998678
Maine,2016,1002.43629322
Maryland,2016,7640.169038703
Massachusetts,2016,6570.17230705
Michigan,2016,10852.456559505
Minnesota,2016,5815.561066771
Mississippi,2016,4388.135717496
Missouri,2016,6773.663909929
Montana,2016,1473.632660209
Nebraska,2016,3303.70221355
Nevada,2016,6054.382776937
New Hampshire,2016,876.065091983
New Jersey,2016,10173.568870428
New Mexico,2016,2891.564082503
New York,2016,28041.321757055
North Carolina,2016,10969.103473192
North Dakota,2016,848.975518005
Ohio,2016,16340.82528963
Oklahoma,2016,5901.574499343
Oregon,2016,6655.029840538
Pennsylvania,2016,14128.18481833
Rhode Island,2016,1457.68584594
South Carolina,2016,6357.84455355
South Dakota,2016,999.100568947
Tennessee,2016,7187.90253961
Texas,2016,45354.177757949
Utah,2016,6303.444594622
Vermont,2016,332.420390158
Virginia,2016,15584.01789575
Washington,2016,8376.610865593
West Virginia,2016,1851.977729691
Wisconsin,2016,5495.002773684
Wyoming,2016,1000.468676721
Alabama,2017,7072.438005
Arizona,2017,11185.566483916
Arkansas,2017,4563.725207741
California,2017,51978.828930668
Colorado,2017,8700.779319746
Connecticut,2017,2962.990418916
Delaware,2017,640.85796353
Florida,2017,24034.895521773
Georgia,2017,11644.101999574
Idaho,2017,2653.73490932
Illinois,2017,17894.095662859
Indiana,2017,7368.31630395
Iowa,2017,3763.796051811
Kansas,2017,5709.413573421
Kentucky,2017,6223.15727328
Louisiana,2017,6997.67843147
Maine,2017,974.45278776
Maryland,2017,7978.943554328
Massachusetts,2017,6786.36336044
Michigan,2017,11110.806917165
Minnesota,2017,5997.737071251
Mississippi,2017,4265.209401479
Missouri,2017,6878.050254659
Montana,2017,1509.07689447
Nebraska,2017,3357.724233339
Nevada,2017,5989.830800558
New Hampshire,2017,850.151242481
New Jersey,2017,10666.849034358
New Mexico,2017,2821.208873078
New York,2017,27801.584210382
North Carolina,2017,11278.073128557
North Dakota,2017,903.650550206
Ohio,2017,16709.812757779
Oklahoma,2017,5974.949402298
Oregon,2017,6644.008137764
Pennsylvania,2017,14242.534662283
Rhode Island,2017,1418.52806303
South Carolina,2017,6391.698933765
South Dakota,2017,977.370993911
Tennessee,2017,7266.14119839
Texas,2017,45771.529903382
Utah,2017,6241.028795933
Vermont,2017,327.957850927
Virginia,2017,15992.65033384
Washington,2017,8644.3219576412
West Virginia,2017,1816.798465557
Wisconsin,2017,5468.798716802
Wyoming,2017,1017.122761507
Alabama,2018,7219.3693394
Arizona,2018,11176.992911304
Arkansas,2018,4591.312895719
California,2018,53244.294067565
Colorado,2018,8694.237059119
Connecticut,2018,3010.248978754
Delaware,2018,657.981161043
Florida,2018,23996.133742349
Georgia,2018,11673.911018702
Idaho,2018,2748.960907202
Illinois,2018,17898.626574073
Indiana,2018,7332.60900379
Iowa,2018,3687.787662888
Kansas,2018,5832.48515811
Kentucky,2018,6177.68777761
Louisiana,2018,7040.37413442
Maine,2018,970.03474692
Maryland,2018,8314.157557272
Massachusetts,2018,6668.69733791
Michigan,2018,10813.780354893
Minnesota,2018,6041.55892365
Mississippi,2018,4411.037314163
Missouri,2018,6872.06512663
Montana,2018,1473.296867882
Nebraska,2018,3373.723234345
Nevada,2018,6095.747115612
New Hampshire,2018,830.836475551
New Jersey,2018,10702.38392514
New Mexico,2018,2908.483973001
New York,2018,28420.085706783
North Carolina,2018,11296.678561524
North Dakota,2018,885.061147444
Ohio,2018,16851.709896002
Oklahoma,2018,6060.315843711
Oregon,2018,6713.544311158
Pennsylvania,2018,14207.003836828
Rhode Island,2018,1475.33358858
South Carolina,2018,6374.637972181
South Dakota,2018,1014.249004272
Tennessee,2018,7467.93663744
Texas,2018,46312.699137051
Utah,2018,6388.390433069
Vermont,2018,332.991425421
Virginia,2018,15985.15525427
Washington,2018,8669.899931348
West Virginia,2018,1827.676017803
Wisconsin,2018,5513.003000315
Wyoming,2018,1019.400292454
Alabama,2019,7211.30613477
Arizona,2019,11004.664208921
Arkansas,2019,4596.722399807
California,2019,50392.541352079
Colorado,2019,8741.450650852
Connecticut,2019,3008.636546127
Delaware,2019,659.756080543
Florida,2019,24480.432272311
Georgia,2019,11840.77969173
Idaho,2019,2711.047276893
Illinois,2019,17702.258008495
Indiana,2019,7308.07364837
Iowa,2019,3678.12944412
Kansas,2019,5654.67427019
Kentucky,2019,6224.86488918
Louisiana,2019,6914.402663697
Maine,2019,968.31883047
Maryland,2019,7769.352310887
Massachusetts,2019,6667.07852695
Michigan,2019,10570.00615845
Minnesota,2019,6004.307437878
Mississippi,2019,4303.133648491
Missouri,2019,6639.23991832
Montana,2019,1417.905545248
Nebraska,2019,3225.499021313
Nevada,2019,5821.479847574
New Hampshire,2019,846.173977816
New Jersey,2019,10660.180840903
New Mexico,2019,2799.677196072
New York,2019,29785.107680352
North Carolina,2019,11342.450437594
North Dakota,2019,836.148397981
Ohio,2019,16737.975019171
Oklahoma,2019,6064.578078864
Oregon,2019,6613.143845782
Pennsylvania,2019,14296.886464673
Rhode Island,2019,1457.95250281
South Carolina,2019,6321.498067697
South Dakota,2019,1023.340177658
Tennessee,2019,7352.50307435
Texas,2019,46092.338918381
Utah,2019,6173.550425968
Vermont,2019,324.466357954
Virginia,2019,15849.94243553
Washington,2019,8737.95116767
West Virginia,2019,1835.991003443
Wisconsin,2019,5458.056425829
Wyoming,2019,987.242154655
Alabama,2020,7097.23914153
Arizona,2020,11259.128911649
Arkansas,2020,4490.249780196
California,2020,54726.000070323
Colorado,2020,9030.981392633
Connecticut,2020,2954.603005658
Delaware,2020,666.931198406
Florida,2020,24756.585782322
Georgia,2020,11808.354531187
Idaho,2020,2764.694776669
Illinois,2020,17414.128116597
Indiana,2020,7444.06398481
Iowa,2020,3744.407786874
Kansas,2020,5452.02401713
Kentucky,2020,6257.35614786
Louisiana,2020,6927.566057795
Maine,2020,982.04464555
Maryland,2020,8489.141245032
Massachusetts,2020,6511.84214982
Michigan,2020,10255.038211158
Minnesota,2020,6053.425988886
Mississippi,2020,4199.093419242
Missouri,2020,6584.728122505
Montana,2020,1481.654336472
Nebraska,2020,3268.890783084
Nevada,2020,5914.107870552
New Hampshire,2020,860.870449352
New Jersey,2020,10611.078343589
New Mexico,2020,2958.249257496
New York,2020,29199.390448206
North Carolina,2020,11354.760975203
North Dakota,2020,924.33876743
Ohio,2020,16716.391880969
Oklahoma,2020,6145.688639476
Oregon,2020,6750.916856183
Pennsylvania,2020,14219.260128209
Rhode Island,2020,1406.00261527
South Carolina,2020,6368.188915796
South Dakota,2020,1062.204324799
Tennessee,2020,7440.85470931
Texas,2020,46714.375574783
Utah,2020,6485.764836925
Vermont,2020,324.852381135
Virginia,2020,16021.52572274
Washington,2020,8778.1762290664
West Virginia,2020,1812.928432343
Wisconsin,2020,5365.865204342
Wyoming,2020,1015.223517617
