huc12_id,year,pscutot_mgd
060101010201,2009,0.006771128
060101010201,2010,0.008459767
060101010201,2011,0.009335683
060101010201,2012,0.009244473
060101010201,2013,0.008186643
060101010201,2014,0.008699407
060101010201,2015,0.008902939
060101010201,2016,0.009024548
060101010201,2017,0.00835101
060101010201,2018,0.00760003
060101010201,2019,0.008416846
060101010201,2020,0.007096981
060101010202,2009,0.0
060101010202,2010,0.0
060101010202,2011,0.0
060101010202,2012,0.0
060101010202,2013,0.0
060101010202,2014,0.0
060101010202,2015,0.0
060101010202,2016,0.0
060101010202,2017,0.0
060101010202,2018,0.0
060101010202,2019,0.0
060101010202,2020,0.0
060101010203,2009,0.017587627
060101010203,2010,0.021973771
060101010203,2011,0.024248915
060101010203,2012,0.024012003
060101010203,2013,0.021264347
060101010203,2014,0.022596224
060101010203,2015,0.023124887
060101010203,2016,0.023440759
060101010203,2017,0.021691282
060101010203,2018,0.019740653
060101010203,2019,0.021862288
060101010203,2020,0.018434013
060101010204,2009,0.0
060101010204,2010,0.0
060101010204,2011,0.0
060101010204,2012,0.0
060101010204,2013,0.0
060101010204,2014,0.0
060101010204,2015,0.0
060101010204,2016,0.0
060101010204,2017,0.0
060101010204,2018,0.0
060101010204,2019,0.0
060101010204,2020,0.0
060101010205,2009,0.0
060101010205,2010,0.0
060101010205,2011,0.0
060101010205,2012,0.0
060101010205,2013,0.0
060101010205,2014,0.0
060101010205,2015,0.0
060101010205,2016,0.0
060101010205,2017,0.0
060101010205,2018,0.0
060101010205,2019,0.0
060101010205,2020,0.0
060101010206,2009,0.0
060101010206,2010,0.0
060101010206,2011,0.0
060101010206,2012,0.0
060101010206,2013,0.0
060101010206,2014,0.0
060101010206,2015,0.0
060101010206,2016,0.0
060101010206,2017,0.0
060101010206,2018,0.0
060101010206,2019,0.0
060101010206,2020,0.0
060101010301,2009,0.0
060101010301,2010,0.0
060101010301,2011,0.0
060101010301,2012,0.0
060101010301,2013,0.0
060101010301,2014,0.0
060101010301,2015,0.0
060101010301,2016,0.0
060101010301,2017,0.0
060101010301,2018,0.0
060101010301,2019,0.0
060101010301,2020,0.0
060101010302,2009,0.0
060101010302,2010,0.0
060101010302,2011,0.0
060101010302,2012,0.0
060101010302,2013,0.0
060101010302,2014,0.0
060101010302,2015,0.0
060101010302,2016,0.0
060101010302,2017,0.0
060101010302,2018,0.0
060101010302,2019,0.0
060101010302,2020,0.0
060101010303,2009,0.0
060101010303,2010,0.0
060101010303,2011,0.0
060101010303,2012,0.0
060101010303,2013,0.0
060101010303,2014,0.0
060101010303,2015,0.0
060101010303,2016,0.0
060101010303,2017,0.0
060101010303,2018,0.0
060101010303,2019,0.0
060101010303,2020,0.0
060101010304,2009,0.0
060101010304,2010,0.0
060101010304,2011,0.0
060101010304,2012,0.0
060101010304,2013,0.0
060101010304,2014,0.0
060101010304,2015,0.0
060101010304,2016,0.0
060101010304,2017,0.0
060101010304,2018,0.0
060101010304,2019,0.0
060101010304,2020,0.0
060101010305,2009,0.0
060101010305,2010,0.0
060101010305,2011,0.0
060101010305,2012,0.0
060101010305,2013,0.0
060101010305,2014,0.0
060101010305,2015,0.0
060101010305,2016,0.0
060101010305,2017,0.0
060101010305,2018,0.0
060101010305,2019,0.0
060101010305,2020,0.0
060101010306,2009,0.0
060101010306,2010,0.0
060101010306,2011,0.0
060101010306,2012,0.0
060101010306,2013,0.0
060101010306,2014,0.0
060101010306,2015,0.0
060101010306,2016,0.0
060101010306,2017,0.0
060101010306,2018,0.0
060101010306,2019,0.0
060101010306,2020,0.0
060101010307,2009,6.7612e-05
060101010307,2010,7.0754e-05
060101010307,2011,8.4642e-05
060101010307,2012,8.5833e-05
060101010307,2013,7.5647e-05
060101010307,2014,8.2022e-05
060101010307,2015,7.602e-05
060101010307,2016,7.6546e-05
060101010307,2017,7.3366e-05
060101010307,2018,6.5648e-05
060101010307,2019,7.5552e-05
060101010307,2020,6.6212e-05
060101010401,2009,0.0
060101010401,2010,0.0
060101010401,2011,0.0
060101010401,2012,0.0
060101010401,2013,0.0
060101010401,2014,0.0
060101010401,2015,0.0
060101010401,2016,0.0
060101010401,2017,0.0
060101010401,2018,0.0
060101010401,2019,0.0
060101010401,2020,0.0
060101010402,2009,0.03437009
060101010402,2010,0.047989938
060101010402,2011,0.045896827
060101010402,2012,0.047953222
060101010402,2013,0.041341476
060101010402,2014,0.04685744
060101010402,2015,0.047865656
060101010402,2016,0.05156432
060101010402,2017,0.046505993
060101010402,2018,0.042160214
060101010402,2019,0.044497926
060101010402,2020,0.041447881
060101010403,2009,0.002813495
060101010403,2010,0.003419422
060101010403,2011,0.00352193
060101010403,2012,0.003654866
060101010403,2013,0.003193669
060101010403,2014,0.003595893
060101010403,2015,0.003816836
060101010403,2016,0.004148629
060101010403,2017,0.003670971
060101010403,2018,0.003353717
060101010403,2019,0.003585878
060101010403,2020,0.003224004
060101010404,2009,0.083206878
060101010404,2010,0.10098392
060101010404,2011,0.104158339
060101010404,2012,0.108064773
060101010404,2013,0.094436451
060101010404,2014,0.106290759
060101010404,2015,0.112683565
060101010404,2016,0.122402984
060101010404,2017,0.108380371
060101010404,2018,0.098996683
060101010404,2019,0.10591671
060101010404,2020,0.095206522
060101020101,2009,0.0
060101020101,2010,0.0
060101020101,2011,0.0
060101020101,2012,0.0
060101020101,2013,0.0
060101020101,2014,0.0
060101020101,2015,0.0
060101020101,2016,0.0
060101020101,2017,0.0
060101020101,2018,0.0
060101020101,2019,0.0
060101020101,2020,0.0
060101020102,2009,0.008895473
060101020102,2010,0.012643554
060101020102,2011,0.013063125
060101020102,2012,0.013314833
060101020102,2013,0.011236017
060101020102,2014,0.011606827
060101020102,2015,0.011830777
060101020102,2016,0.012119989
060101020102,2017,0.01174932
060101020102,2018,0.010843361
060101020102,2019,0.010787713
060101020102,2020,0.009870987
060101020103,2009,0.0
060101020103,2010,0.0
060101020103,2011,0.0
060101020103,2012,0.0
060101020103,2013,0.0
060101020103,2014,0.0
060101020103,2015,0.0
060101020103,2016,0.0
060101020103,2017,0.0
060101020103,2018,0.0
060101020103,2019,0.0
060101020103,2020,0.0
060101020201,2009,0.0
060101020201,2010,0.0
060101020201,2011,0.0
060101020201,2012,0.0
060101020201,2013,0.0
060101020201,2014,0.0
060101020201,2015,0.0
060101020201,2016,0.0
060101020201,2017,0.0
060101020201,2018,0.0
060101020201,2019,0.0
060101020201,2020,0.0
060101020202,2009,0.0
060101020202,2010,0.0
060101020202,2011,0.0
060101020202,2012,0.0
060101020202,2013,0.0
060101020202,2014,0.0
060101020202,2015,0.0
060101020202,2016,0.0
060101020202,2017,0.0
060101020202,2018,0.0
060101020202,2019,0.0
060101020202,2020,0.0
060101020203,2009,0.0
060101020203,2010,0.0
060101020203,2011,0.0
060101020203,2012,0.0
060101020203,2013,0.0
060101020203,2014,0.0
060101020203,2015,0.0
060101020203,2016,0.0
060101020203,2017,0.0
060101020203,2018,0.0
060101020203,2019,0.0
060101020203,2020,0.0
060101020204,2009,0.0
060101020204,2010,0.0
060101020204,2011,0.0
060101020204,2012,0.0
060101020204,2013,0.0
060101020204,2014,0.0
060101020204,2015,0.0
060101020204,2016,0.0
060101020204,2017,0.0
060101020204,2018,0.0
060101020204,2019,0.0
060101020204,2020,0.0
060101020301,2009,0.013858762
060101020301,2010,0.01969811
060101020301,2011,0.020351784
060101020301,2012,0.020743934
060101020301,2013,0.017505228
060101020301,2014,0.018082935
060101020301,2015,0.018431839
060101020301,2016,0.018882419
060101020301,2017,0.018304932
060101020301,2018,0.016893487
060101020301,2019,0.01680679
060101020301,2020,0.01537857
060101020302,2009,0.0
060101020302,2010,0.0
060101020302,2011,0.0
060101020302,2012,0.0
060101020302,2013,0.0
060101020302,2014,0.0
060101020302,2015,0.0
060101020302,2016,0.0
060101020302,2017,0.0
060101020302,2018,0.0
060101020302,2019,0.0
060101020302,2020,0.0
060101020303,2009,0.044005502
060101020303,2010,0.062547089
060101020303,2011,0.064622688
060101020303,2012,0.065867878
060101020303,2013,0.055584067
060101020303,2014,0.05741845
060101020303,2015,0.058526318
060101020303,2016,0.059957038
060101020303,2017,0.058123354
060101020303,2018,0.053641616
060101020303,2019,0.053366327
060101020303,2020,0.048831324
060101020304,2009,0.004106947
060101020304,2010,0.005837397
060101020304,2011,0.006031109
060101020304,2012,0.00614732
060101020304,2013,0.005187552
060101020304,2014,0.005358751
060101020304,2015,0.005462146
060101020304,2016,0.005595673
060101020304,2017,0.005424539
060101020304,2018,0.005006267
060101020304,2019,0.004980575
060101020304,2020,0.004557332
060101020305,2009,0.033430905
060101020305,2010,0.04423263
060101020305,2011,0.046947345
060101020305,2012,0.046777567
060101020305,2013,0.040314315
060101020305,2014,0.041374222
060101020305,2015,0.042984308
060101020305,2016,0.044262999
060101020305,2017,0.042951093
060101020305,2018,0.038029063
060101020305,2019,0.040705778
060101020305,2020,0.037181399
060101020306,2009,0.007448769
060101020306,2010,0.008852508
060101020306,2011,0.00980488
060101020306,2012,0.00942631
060101020306,2013,0.008398308
060101020306,2014,0.008532565
060101020306,2015,0.009125987
060101020306,2016,0.009469461
060101020306,2017,0.009201934
060101020306,2018,0.007641889
060101020306,2019,0.009119613
060101020306,2020,0.008310172
060101020307,2009,0.0
060101020307,2010,0.0
060101020307,2011,0.0
060101020307,2012,0.0
060101020307,2013,0.0
060101020307,2014,0.0
060101020307,2015,0.0
060101020307,2016,0.0
060101020307,2017,0.0
060101020307,2018,0.0
060101020307,2019,0.0
060101020307,2020,0.0
060101020401,2009,0.017803608
060101020401,2010,0.022650975
060101020401,2011,0.022982126
060101020401,2012,0.023542526
060101020401,2013,0.020661038
060101020401,2014,0.022392282
060101020401,2015,0.024399722
060101020401,2016,0.025768779
060101020401,2017,0.022979328
060101020401,2018,0.021367395
060101020401,2019,0.022831662
060101020401,2020,0.020385969
060101020402,2009,0.098250708
060101020402,2010,0.125001309
060101020402,2011,0.126828796
060101020402,2012,0.129921411
060101020402,2013,0.114019673
060101020402,2014,0.123573692
060101020402,2015,0.134651917
060101020402,2016,0.142207174
060101020402,2017,0.126813353
060101020402,2018,0.117917765
060101020402,2019,0.125998445
060101020402,2020,0.112501685
060101020403,2009,0.0
060101020403,2010,0.0
060101020403,2011,0.0
060101020403,2012,0.0
060101020403,2013,0.0
060101020403,2014,0.0
060101020403,2015,0.0
060101020403,2016,0.0
060101020403,2017,0.0
060101020403,2018,0.0
060101020403,2019,0.0
060101020403,2020,0.0
060101020404,2009,0.000598705
060101020404,2010,0.000761714
060101020404,2011,0.00077285
060101020404,2012,0.000791696
060101020404,2013,0.000694796
060101020404,2014,0.000753015
060101020404,2015,0.000820522
060101020404,2016,0.000866561
060101020404,2017,0.000772756
060101020404,2018,0.00071855
060101020404,2019,0.00076779
060101020404,2020,0.000685546
060101020405,2009,0.0
060101020405,2010,0.0
060101020405,2011,0.0
060101020405,2012,0.0
060101020405,2013,0.0
060101020405,2014,0.0
060101020405,2015,0.0
060101020405,2016,0.0
060101020405,2017,0.0
060101020405,2018,0.0
060101020405,2019,0.0
060101020405,2020,0.0
060101020501,2009,0.278386766
060101020501,2010,0.341788773
060101020501,2011,0.362920543
060101020501,2012,0.370660216
060101020501,2013,0.323641469
060101020501,2014,0.345818857
060101020501,2015,0.359306741
060101020501,2016,0.380420002
060101020501,2017,0.359696889
060101020501,2018,0.341899443
060101020501,2019,0.356224101
060101020501,2020,0.333438993
060101020502,2009,0.37465681
060101020502,2010,0.475629401
060101020502,2011,0.483930068
060101020502,2012,0.495637642
060101020502,2013,0.434836139
060101020502,2014,0.470859692
060101020502,2015,0.511609414
060101020502,2016,0.540395126
060101020502,2017,0.483605694
060101020502,2018,0.450302837
060101020502,2019,0.480401062
060101020502,2020,0.43022472
060101020601,2009,0.0619376
060101020601,2010,0.078194633
060101020601,2011,0.080127564
060101020601,2012,0.082027085
060101020601,2013,0.071906527
060101020601,2014,0.077689907
060101020601,2015,0.083797445
060101020601,2016,0.088545914
060101020601,2017,0.079962184
060101020601,2018,0.074716949
060101020601,2019,0.079391499
060101020601,2020,0.07163966
060101020703,2009,0.498065115
060101020703,2010,0.575742341
060101020703,2011,0.623490406
060101020703,2012,0.641832153
060101020703,2013,0.562514048
060101020703,2014,0.625191788
060101020703,2015,0.634994591
060101020703,2016,0.674434651
060101020703,2017,0.611379291
060101020703,2018,0.554973577
060101020703,2019,0.607276389
060101020703,2020,0.541546966
060101040102,2009,0.00299181
060101040102,2010,0.004436572
060101040102,2011,0.003810671
060101040102,2012,0.0039693
060101040102,2013,0.003495729
060101040102,2014,0.003856025
060101040102,2015,0.004849554
060101040102,2016,0.005032372
060101040102,2017,0.003657392
060101040102,2018,0.003233956
060101040102,2019,0.003434285
060101040102,2020,0.002879117
060102050101,2009,0.041018754
060102050101,2010,0.048498493
060102050101,2011,0.060513567
060102050101,2012,0.062771306
060102050101,2013,0.054690658
060102050101,2014,0.056337338
060102050101,2015,0.050611621
060102050101,2016,0.05121376
060102050101,2017,0.049360032
060102050101,2018,0.045555163
060102050101,2019,0.051303607
060102050101,2020,0.044319511
060102050102,2009,0.014175078
060102050102,2010,0.017401265
060102050102,2011,0.018998973
060102050102,2012,0.018821307
060102050102,2013,0.016934763
060102050102,2014,0.017272838
060102050102,2015,0.017129752
060102050102,2016,0.01865724
060102050102,2017,0.016736839
060102050102,2018,0.015384603
060102050102,2019,0.016753377
060102050102,2020,0.01457872
060102050103,2009,0.002593661
060102050103,2010,0.003183967
060102050103,2011,0.003476305
060102050103,2012,0.003443797
060102050103,2013,0.00309861
060102050103,2014,0.003160468
060102050103,2015,0.003134288
060102050103,2016,0.003413777
060102050103,2017,0.003062395
060102050103,2018,0.002814972
060102050103,2019,0.003065421
060102050103,2020,0.002667517
060102050104,2009,0.071623468
060102050104,2010,0.087805964
060102050104,2011,0.090014577
060102050104,2012,0.096883278
060102050104,2013,0.08405061
060102050104,2014,0.088130881
060102050104,2015,0.081380557
060102050104,2016,0.083648745
060102050104,2017,0.079548468
060102050104,2018,0.071648339
060102050104,2019,0.079974764
060102050104,2020,0.069789906
060102050105,2009,0.008387242
060102050105,2010,0.010280674
060102050105,2011,0.010461864
060102050105,2012,0.011368765
060102050105,2013,0.009822451
060102050105,2014,0.010331583
060102050105,2015,0.009461511
060102050105,2016,0.009655149
060102050105,2017,0.009248993
060102050105,2018,0.008309775
060102050105,2019,0.009303439
060102050105,2020,0.00812138
060102050201,2009,0.0
060102050201,2010,0.0
060102050201,2011,0.0
060102050201,2012,0.0
060102050201,2013,0.0
060102050201,2014,0.0
060102050201,2015,0.0
060102050201,2016,0.0
060102050201,2017,0.0
060102050201,2018,0.0
060102050201,2019,0.0
060102050201,2020,0.0
060102050202,2009,0.0
060102050202,2010,0.0
060102050202,2011,0.0
060102050202,2012,0.0
060102050202,2013,0.0
060102050202,2014,0.0
060102050202,2015,0.0
060102050202,2016,0.0
060102050202,2017,0.0
060102050202,2018,0.0
060102050202,2019,0.0
060102050202,2020,0.0
060102050203,2009,0.0
060102050203,2010,0.0
060102050203,2011,0.0
060102050203,2012,0.0
060102050203,2013,0.0
060102050203,2014,0.0
060102050203,2015,0.0
060102050203,2016,0.0
060102050203,2017,0.0
060102050203,2018,0.0
060102050203,2019,0.0
060102050203,2020,0.0
060102050204,2009,0.005151299
060102050204,2010,0.006323713
060102050204,2011,0.006904328
060102050204,2012,0.006839764
060102050204,2013,0.006154183
060102050204,2014,0.006277042
060102050204,2015,0.006225043
060102050204,2016,0.00678014
060102050204,2017,0.006082257
060102050204,2018,0.005590847
060102050204,2019,0.006088267
060102050204,2020,0.005297985
060102050301,2009,0.014239485
060102050301,2010,0.019067827
060102050301,2011,0.02119863
060102050301,2012,0.02200349
060102050301,2013,0.019333847
060102050301,2014,0.020144027
060102050301,2015,0.020058214
060102050301,2016,0.020541589
060102050301,2017,0.017870976
060102050301,2018,0.016454183
060102050301,2019,0.016714443
060102050301,2020,0.015131338
060102050302,2009,0.0
060102050302,2010,0.0
060102050302,2011,0.0
060102050302,2012,0.0
060102050302,2013,0.0
060102050302,2014,0.0
060102050302,2015,0.0
060102050302,2016,0.0
060102050302,2017,0.0
060102050302,2018,0.0
060102050302,2019,0.0
060102050302,2020,0.0
060102050303,2009,0.0
060102050303,2010,0.0
060102050303,2011,0.0
060102050303,2012,0.0
060102050303,2013,0.0
060102050303,2014,0.0
060102050303,2015,0.0
060102050303,2016,0.0
060102050303,2017,0.0
060102050303,2018,0.0
060102050303,2019,0.0
060102050303,2020,0.0
060102050304,2009,0.039714313
060102050304,2010,0.052964849
060102050304,2011,0.054433232
060102050304,2012,0.056321133
060102050304,2013,0.052052145
060102050304,2014,0.050538757
060102050304,2015,0.050353276
060102050304,2016,0.053035415
060102050304,2017,0.053875939
060102050304,2018,0.044924599
060102050304,2019,0.04730299
060102050304,2020,0.040159178
060102050401,2009,0.002812945
060102050401,2010,0.003996187
060102050401,2011,0.003751157
060102050401,2012,0.003498788
060102050401,2013,0.002978683
060102050401,2014,0.003829846
060102050401,2015,0.002897785
060102050401,2016,0.004118191
060102050401,2017,0.003076286
060102050401,2018,0.002400087
060102050401,2019,0.002886644
060102050401,2020,0.002616837
060102050402,2009,0.0
060102050402,2010,0.0
060102050402,2011,0.0
060102050402,2012,0.0
060102050402,2013,0.0
060102050402,2014,0.0
060102050402,2015,0.0
060102050402,2016,0.0
060102050402,2017,0.0
060102050402,2018,0.0
060102050402,2019,0.0
060102050402,2020,0.0
060102050403,2009,0.012866173
060102050403,2010,0.012878348
060102050403,2011,0.014384787
060102050403,2012,0.014368193
060102050403,2013,0.012214057
060102050403,2014,0.012783653
060102050403,2015,0.014041692
060102050403,2016,0.012205373
060102050403,2017,0.014181139
060102050403,2018,0.013525304
060102050403,2019,0.014572246
060102050403,2020,0.012448162
060102050404,2009,0.0
060102050404,2010,0.0
060102050404,2011,0.0
060102050404,2012,0.0
060102050404,2013,0.0
060102050404,2014,0.0
060102050404,2015,0.0
060102050404,2016,0.0
060102050404,2017,0.0
060102050404,2018,0.0
060102050404,2019,0.0
060102050404,2020,0.0
060102050405,2009,0.011762145
060102050405,2010,0.011773276
060102050405,2011,0.013150449
060102050405,2012,0.013135279
060102050405,2013,0.011165986
060102050405,2014,0.011686706
060102050405,2015,0.012836795
060102050405,2016,0.011158047
060102050405,2017,0.012964275
060102050405,2018,0.012364717
060102050405,2019,0.013321822
060102050405,2020,0.011380003
060102050501,2009,0.035272018
060102050501,2010,0.042896679
060102050501,2011,0.054181293
060102050501,2012,0.05580133
060102050501,2013,0.043954801
060102050501,2014,0.046874773
060102050501,2015,0.050407541
060102050501,2016,0.050172144
060102050501,2017,0.048396742
060102050501,2018,0.043366691
060102050501,2019,0.050034592
060102050501,2020,0.043958422
060102050502,2009,0.026925543
060102050502,2010,0.033258382
060102050502,2011,0.043489502
060102050502,2012,0.040396244
060102050502,2013,0.039815127
060102050502,2014,0.041596429
060102050502,2015,0.044980812
060102050502,2016,0.041241873
060102050502,2017,0.043566892
060102050502,2018,0.038592044
060102050502,2019,0.042271246
060102050502,2020,0.037977806
060102050503,2009,0.033914766
060102050503,2010,0.041493054
060102050503,2011,0.044141681
060102050503,2012,0.047681751
060102050503,2013,0.040625785
060102050503,2014,0.040967181
060102050503,2015,0.038942144
060102050503,2016,0.038807883
060102050503,2017,0.040443188
060102050503,2018,0.031684304
060102050503,2019,0.033601007
060102050503,2020,0.027549644
060102050601,2009,0.0
060102050601,2010,0.0
060102050601,2011,0.0
060102050601,2012,0.0
060102050601,2013,0.0
060102050601,2014,0.0
060102050601,2015,0.0
060102050601,2016,0.0
060102050601,2017,0.0
060102050601,2018,0.0
060102050601,2019,0.0
060102050601,2020,0.0
060102050602,2009,0.005551544
060102050602,2010,0.006930661
060102050602,2011,0.007422096
060102050602,2012,0.008123654
060102050602,2013,0.006411692
060102050602,2014,0.00720348
060102050602,2015,0.006487182
060102050602,2016,0.007059787
060102050602,2017,0.006442911
060102050602,2018,0.005453516
060102050602,2019,0.005999621
060102050602,2020,0.00491408
060102050603,2009,0.0
060102050603,2010,0.0
060102050603,2011,0.0
060102050603,2012,0.0
060102050603,2013,0.0
060102050603,2014,0.0
060102050603,2015,0.0
060102050603,2016,0.0
060102050603,2017,0.0
060102050603,2018,0.0
060102050603,2019,0.0
060102050603,2020,0.0
060102050604,2009,0.0
060102050604,2010,0.0
060102050604,2011,0.0
060102050604,2012,0.0
060102050604,2013,0.0
060102050604,2014,0.0
060102050604,2015,0.0
060102050604,2016,0.0
060102050604,2017,0.0
060102050604,2018,0.0
060102050604,2019,0.0
060102050604,2020,0.0
060102050605,2009,0.0
060102050605,2010,0.0
060102050605,2011,0.0
060102050605,2012,0.0
060102050605,2013,0.0
060102050605,2014,0.0
060102050605,2015,0.0
060102050605,2016,0.0
060102050605,2017,0.0
060102050605,2018,0.0
060102050605,2019,0.0
060102050605,2020,0.0
060102050606,2009,0.0
060102050606,2010,0.0
060102050606,2011,0.0
060102050606,2012,0.0
060102050606,2013,0.0
060102050606,2014,0.0
060102050606,2015,0.0
060102050606,2016,0.0
060102050606,2017,0.0
060102050606,2018,0.0
060102050606,2019,0.0
060102050606,2020,0.0
060102050701,2009,0.0
060102050701,2010,0.0
060102050701,2011,0.0
060102050701,2012,0.0
060102050701,2013,0.0
060102050701,2014,0.0
060102050701,2015,0.0
060102050701,2016,0.0
060102050701,2017,0.0
060102050701,2018,0.0
060102050701,2019,0.0
060102050701,2020,0.0
060102050702,2009,0.003987591
060102050702,2010,0.005095338
060102050702,2011,0.005533819
060102050702,2012,0.005649278
060102050702,2013,0.004859351
060102050702,2014,0.005235713
060102050702,2015,0.005335035
060102050702,2016,0.005437541
060102050702,2017,0.005124929
060102050702,2018,0.004745964
060102050702,2019,0.00477893
060102050702,2020,0.004154113
060102050703,2009,0.0
060102050703,2010,0.0
060102050703,2011,0.0
060102050703,2012,0.0
060102050703,2013,0.0
060102050703,2014,0.0
060102050703,2015,0.0
060102050703,2016,0.0
060102050703,2017,0.0
060102050703,2018,0.0
060102050703,2019,0.0
060102050703,2020,0.0
060102050801,2009,0.001464606
060102050801,2010,0.001701015
060102050801,2011,0.001925006
060102050801,2012,0.001682182
060102050801,2013,0.001595239
060102050801,2014,0.001825984
060102050801,2015,0.001625477
060102050801,2016,0.002052026
060102050801,2017,0.00181678
060102050801,2018,0.001380817
060102050801,2019,0.001553862
060102050801,2020,0.001327898
060102050802,2009,0.0
060102050802,2010,0.0
060102050802,2011,0.0
060102050802,2012,0.0
060102050802,2013,0.0
060102050802,2014,0.0
060102050802,2015,0.0
060102050802,2016,0.0
060102050802,2017,0.0
060102050802,2018,0.0
060102050802,2019,0.0
060102050802,2020,0.0
060102050804,2009,0.0
060102050804,2010,0.0
060102050804,2011,0.0
060102050804,2012,0.0
060102050804,2013,0.0
060102050804,2014,0.0
060102050804,2015,0.0
060102050804,2016,0.0
060102050804,2017,0.0
060102050804,2018,0.0
060102050804,2019,0.0
060102050804,2020,0.0
060102050805,2009,0.0
060102050805,2010,0.0
060102050805,2011,0.0
060102050805,2012,0.0
060102050805,2013,0.0
060102050805,2014,0.0
060102050805,2015,0.0
060102050805,2016,0.0
060102050805,2017,0.0
060102050805,2018,0.0
060102050805,2019,0.0
060102050805,2020,0.0
060102050807,2009,0.001270494
060102050807,2010,0.001590935
060102050807,2011,0.001774221
060102050807,2012,0.001856612
060102050807,2013,0.001642369
060102050807,2014,0.001820293
060102050807,2015,0.001788446
060102050807,2016,0.001616416
060102050807,2017,0.001608391
060102050807,2018,0.001499478
060102050807,2019,0.001731048
060102050807,2020,0.001610574
060102060101,2009,0.0
060102060101,2010,0.0
060102060101,2011,0.0
060102060101,2012,0.0
060102060101,2013,0.0
060102060101,2014,0.0
060102060101,2015,0.0
060102060101,2016,0.0
060102060101,2017,0.0
060102060101,2018,0.0
060102060101,2019,0.0
060102060101,2020,0.0
060102060102,2009,0.010375425
060102060102,2010,0.013307961
060102060102,2011,0.015524861
060102060102,2012,0.016215151
060102060102,2013,0.012400944
060102060102,2014,0.012917099
060102060102,2015,0.013808234
060102060102,2016,0.013990053
060102060102,2017,0.012857263
060102060102,2018,0.011179118
060102060102,2019,0.01236734
060102060102,2020,0.011068435
060102060103,2009,0.001812859
060102060103,2010,0.002485624
060102060103,2011,0.002653054
060102060103,2012,0.002756215
060102060103,2013,0.002143415
060102060103,2014,0.002151011
060102060103,2015,0.002284224
060102060103,2016,0.002318332
060102060103,2017,0.002040282
060102060103,2018,0.001686128
060102060103,2019,0.001701448
060102060103,2020,0.001587797
060102060104,2009,0.026188366
060102060104,2010,0.0324207
060102060104,2011,0.032946993
060102060104,2012,0.034578815
060102060104,2013,0.028994498
060102060104,2014,0.030396585
060102060104,2015,0.031832869
060102060104,2016,0.033375814
060102060104,2017,0.03045963
060102060104,2018,0.027834408
060102060104,2019,0.029767984
060102060104,2020,0.027255364
060102060105,2009,0.022243809
060102060105,2010,0.02620288
060102060105,2011,0.025925516
060102060105,2012,0.027365743
060102060105,2013,0.023873548
060102060105,2014,0.025559147
060102060105,2015,0.026592259
060102060105,2016,0.028304814
060102060105,2017,0.026249132
060102060105,2018,0.024972793
060102060105,2019,0.027270569
060102060105,2020,0.024803057
060102060201,2009,0.02004958
060102060201,2010,0.024593773
060102060201,2011,0.022613041
060102060201,2012,0.021469228
060102060201,2013,0.018614695
060102060201,2014,0.019993727
060102060201,2015,0.019345456
060102060201,2016,0.023014213
060102060201,2017,0.021740203
060102060201,2018,0.02056444
060102060201,2019,0.022774561
060102060201,2020,0.020494357
060102060202,2009,0.004819552
060102060202,2010,0.006608121
060102060202,2011,0.007053242
060102060202,2012,0.007327498
060102060202,2013,0.005698348
060102060202,2014,0.005718542
060102060202,2015,0.006072693
060102060202,2016,0.006163371
060102060202,2017,0.005424164
060102060202,2018,0.004482634
060102060202,2019,0.004523361
060102060202,2020,0.004221218
060102060203,2009,0.001583867
060102060203,2010,0.001973036
060102060203,2011,0.00176301
060102060203,2012,0.001597092
060102060203,2013,0.001380662
060102060203,2014,0.001485261
060102060203,2015,0.001385177
060102060203,2016,0.001740756
060102060203,2017,0.001658025
060102060203,2018,0.001564359
060102060203,2019,0.001743254
060102060203,2020,0.001561388
060102060204,2009,0.020807233
060102060204,2010,0.025919743
060102060204,2011,0.02316064
060102060204,2012,0.020980971
060102060204,2013,0.018137742
060102060204,2014,0.019511859
060102060204,2015,0.018197053
060102060204,2016,0.022868292
060102060204,2017,0.02178145
060102060204,2018,0.020550961
060102060204,2019,0.022901106
060102060204,2020,0.020511931
060102060301,2009,0.011056011
060102060301,2010,0.012231606
060102060301,2011,0.013029611
060102060301,2012,0.015580946
060102060301,2013,0.013318308
060102060301,2014,0.013406841
060102060301,2015,0.011890626
060102060301,2016,0.012550176
060102060301,2017,0.01147427
060102060301,2018,0.010894293
060102060301,2019,0.011275092
060102060301,2020,0.009708312
060102060302,2009,0.0
060102060302,2010,0.0
060102060302,2011,0.0
060102060302,2012,0.0
060102060302,2013,0.0
060102060302,2014,0.0
060102060302,2015,0.0
060102060302,2016,0.0
060102060302,2017,0.0
060102060302,2018,0.0
060102060302,2019,0.0
060102060302,2020,0.0
060102060303,2009,0.0
060102060303,2010,0.0
060102060303,2011,0.0
060102060303,2012,0.0
060102060303,2013,0.0
060102060303,2014,0.0
060102060303,2015,0.0
060102060303,2016,0.0
060102060303,2017,0.0
060102060303,2018,0.0
060102060303,2019,0.0
060102060303,2020,0.0
060102060304,2009,0.0
060102060304,2010,0.0
060102060304,2011,0.0
060102060304,2012,0.0
060102060304,2013,0.0
060102060304,2014,0.0
060102060304,2015,0.0
060102060304,2016,0.0
060102060304,2017,0.0
060102060304,2018,0.0
060102060304,2019,0.0
060102060304,2020,0.0
060102060305,2009,0.0
060102060305,2010,0.0
060102060305,2011,0.0
060102060305,2012,0.0
060102060305,2013,0.0
060102060305,2014,0.0
060102060305,2015,0.0
060102060305,2016,0.0
060102060305,2017,0.0
060102060305,2018,0.0
060102060305,2019,0.0
060102060305,2020,0.0
060102060306,2009,0.0
060102060306,2010,0.0
060102060306,2011,0.0
060102060306,2012,0.0
060102060306,2013,0.0
060102060306,2014,0.0
060102060306,2015,0.0
060102060306,2016,0.0
060102060306,2017,0.0
060102060306,2018,0.0
060102060306,2019,0.0
060102060306,2020,0.0
060102060307,2009,0.0
060102060307,2010,0.0
060102060307,2011,0.0
060102060307,2012,0.0
060102060307,2013,0.0
060102060307,2014,0.0
060102060307,2015,0.0
060102060307,2016,0.0
060102060307,2017,0.0
060102060307,2018,0.0
060102060307,2019,0.0
060102060307,2020,0.0
060102060402,2009,0.0
060102060402,2010,0.0
060102060402,2011,0.0
060102060402,2012,0.0
060102060402,2013,0.0
060102060402,2014,0.0
060102060402,2015,0.0
060102060402,2016,0.0
060102060402,2017,0.0
060102060402,2018,0.0
060102060402,2019,0.0
060102060402,2020,0.0
060102060403,2009,0.047059931
060102060403,2010,0.049468807
060102060403,2011,0.053088405
060102060403,2012,0.057833012
060102060403,2013,0.050147015
060102060403,2014,0.054842103
060102060403,2015,0.05381229
060102060403,2016,0.054457186
060102060403,2017,0.053261694
060102060403,2018,0.04420245
060102060403,2019,0.049232619
060102060403,2020,0.044985557
060102060404,2009,0.066826269
060102060404,2010,0.071805821
060102060404,2011,0.075761196
060102060404,2012,0.082610592
060102060404,2013,0.071408115
060102060404,2014,0.078024167
060102060404,2015,0.081741777
060102060404,2016,0.079782699
060102060404,2017,0.076027606
060102060404,2018,0.063934848
060102060404,2019,0.070293499
060102060404,2020,0.063390786
