huc12_id,year,irrwdtot_mgd
060101010201,2000,0.0
060101010201,2001,0.0
060101010201,2002,0.0
060101010201,2003,0.0
060101010201,2004,0.0
060101010201,2005,0.0
060101010201,2006,0.000842266
060101010201,2007,0.003359792
060101010201,2008,0.001468104
060101010201,2009,0.0
060101010201,2010,0.0
060101010201,2011,0.0
060101010201,2012,0.0
060101010201,2013,0.0
060101010201,2014,0.0
060101010201,2015,0.0
060101010201,2016,0.0
060101010201,2017,0.0
060101010201,2018,0.0
060101010201,2019,0.0
060101010201,2020,0.0
060101010202,2000,0.0
060101010202,2001,0.0
060101010202,2002,0.0
060101010202,2003,0.0
060101010202,2004,0.0
060101010202,2005,0.0
060101010202,2006,0.0
060101010202,2007,0.0
060101010202,2008,0.0
060101010202,2009,0.0
060101010202,2010,0.0
060101010202,2011,0.0
060101010202,2012,0.0
060101010202,2013,0.0
060101010202,2014,0.0
060101010202,2015,0.0
060101010202,2016,0.0
060101010202,2017,0.0
060101010202,2018,0.0
060101010202,2019,0.0
060101010202,2020,0.0
060101010203,2000,0.0
060101010203,2001,0.0
060101010203,2002,0.0
060101010203,2003,0.0
060101010203,2004,0.0
060101010203,2005,0.0
060101010203,2006,0.0
060101010203,2007,0.0
060101010203,2008,0.0
060101010203,2009,0.0
060101010203,2010,0.0
060101010203,2011,0.0
060101010203,2012,0.0
060101010203,2013,0.0
060101010203,2014,0.0
060101010203,2015,0.0
060101010203,2016,0.0
060101010203,2017,0.0
060101010203,2018,0.0
060101010203,2019,0.0
060101010203,2020,0.0
060101010204,2000,0.0
060101010204,2001,0.0
060101010204,2002,0.0
060101010204,2003,0.0
060101010204,2004,0.0
060101010204,2005,0.0
060101010204,2006,0.0
060101010204,2007,0.0
060101010204,2008,0.0
060101010204,2009,0.0
060101010204,2010,0.0
060101010204,2011,0.0
060101010204,2012,0.0
060101010204,2013,0.0
060101010204,2014,0.0
060101010204,2015,0.0
060101010204,2016,0.0
060101010204,2017,0.0
060101010204,2018,0.0
060101010204,2019,0.0
060101010204,2020,0.0
060101010205,2000,0.0
060101010205,2001,0.0
060101010205,2002,0.0
060101010205,2003,0.0
060101010205,2004,0.0
060101010205,2005,0.0
060101010205,2006,0.0
060101010205,2007,0.0
060101010205,2008,0.0
060101010205,2009,0.0
060101010205,2010,0.0
060101010205,2011,0.0
060101010205,2012,0.0
060101010205,2013,0.0
060101010205,2014,0.0
060101010205,2015,0.0
060101010205,2016,0.0
060101010205,2017,0.0
060101010205,2018,0.0
060101010205,2019,0.0
060101010205,2020,0.0
060101010206,2000,0.0
060101010206,2001,0.0
060101010206,2002,0.0
060101010206,2003,0.0
060101010206,2004,0.0
060101010206,2005,0.0
060101010206,2006,0.0
060101010206,2007,0.0
060101010206,2008,0.0
060101010206,2009,0.0
060101010206,2010,0.0
060101010206,2011,0.0
060101010206,2012,0.0
060101010206,2013,0.0
060101010206,2014,0.0
060101010206,2015,0.0
060101010206,2016,0.0
060101010206,2017,0.0
060101010206,2018,0.0
060101010206,2019,0.0
060101010206,2020,0.0
060101010301,2000,0.0
060101010301,2001,0.0
060101010301,2002,0.0
060101010301,2003,0.0
060101010301,2004,0.0
060101010301,2005,0.0
060101010301,2006,0.0
060101010301,2007,0.0
060101010301,2008,0.0
060101010301,2009,0.0
060101010301,2010,0.0
060101010301,2011,0.0
060101010301,2012,0.0
060101010301,2013,0.0
060101010301,2014,0.0
060101010301,2015,0.0
060101010301,2016,0.0
060101010301,2017,0.0
060101010301,2018,0.0
060101010301,2019,0.0
060101010301,2020,0.0
060101010302,2000,0.0
060101010302,2001,0.0
060101010302,2002,0.0
060101010302,2003,0.0
060101010302,2004,0.0
060101010302,2005,0.0
060101010302,2006,0.0
060101010302,2007,0.0
060101010302,2008,0.0
060101010302,2009,0.0
060101010302,2010,0.0
060101010302,2011,0.0
060101010302,2012,0.0
060101010302,2013,0.0
060101010302,2014,0.0
060101010302,2015,0.0
060101010302,2016,0.0
060101010302,2017,0.0
060101010302,2018,0.0
060101010302,2019,0.0
060101010302,2020,0.0
060101010303,2000,0.0
060101010303,2001,0.0
060101010303,2002,0.0
060101010303,2003,0.0
060101010303,2004,0.0
060101010303,2005,0.0
060101010303,2006,0.0
060101010303,2007,0.0
060101010303,2008,0.0
060101010303,2009,0.0
060101010303,2010,0.0
060101010303,2011,0.0
060101010303,2012,0.0
060101010303,2013,0.0
060101010303,2014,0.0
060101010303,2015,0.0
060101010303,2016,0.0
060101010303,2017,0.0
060101010303,2018,0.0
060101010303,2019,0.0
060101010303,2020,0.0
060101010304,2000,0.0
060101010304,2001,0.0
060101010304,2002,0.0
060101010304,2003,0.0
060101010304,2004,0.0
060101010304,2005,0.0
060101010304,2006,0.0
060101010304,2007,0.0
060101010304,2008,0.0
060101010304,2009,0.0
060101010304,2010,0.0
060101010304,2011,0.0
060101010304,2012,0.0
060101010304,2013,0.0
060101010304,2014,0.0
060101010304,2015,0.0
060101010304,2016,0.0
060101010304,2017,0.0
060101010304,2018,0.0
060101010304,2019,0.0
060101010304,2020,0.0
060101010305,2000,0.0
060101010305,2001,0.0
060101010305,2002,0.0
060101010305,2003,0.0
060101010305,2004,0.0
060101010305,2005,0.0
060101010305,2006,0.0
060101010305,2007,0.0
060101010305,2008,0.0
060101010305,2009,0.0
060101010305,2010,0.0
060101010305,2011,0.0
060101010305,2012,0.0
060101010305,2013,0.0
060101010305,2014,0.0
060101010305,2015,0.0
060101010305,2016,0.0
060101010305,2017,0.0
060101010305,2018,0.0
060101010305,2019,0.0
060101010305,2020,0.0
060101010306,2000,0.0
060101010306,2001,0.0
060101010306,2002,0.0
060101010306,2003,0.0
060101010306,2004,0.0
060101010306,2005,0.0
060101010306,2006,0.0
060101010306,2007,0.0
060101010306,2008,0.0
060101010306,2009,0.0
060101010306,2010,0.0
060101010306,2011,0.0
060101010306,2012,0.0
060101010306,2013,0.0
060101010306,2014,0.0
060101010306,2015,0.0
060101010306,2016,0.0
060101010306,2017,0.0
060101010306,2018,0.0
060101010306,2019,0.0
060101010306,2020,0.0
060101010307,2000,0.0
060101010307,2001,0.0
060101010307,2002,0.0
060101010307,2003,0.0
060101010307,2004,0.0
060101010307,2005,0.0
060101010307,2006,0.0
060101010307,2007,0.0
060101010307,2008,0.0
060101010307,2009,0.0
060101010307,2010,0.0
060101010307,2011,0.0
060101010307,2012,0.0
060101010307,2013,0.0
060101010307,2014,0.0
060101010307,2015,0.0
060101010307,2016,0.0
060101010307,2017,0.0
060101010307,2018,0.0
060101010307,2019,0.0
060101010307,2020,0.0
060101010401,2000,0.0
060101010401,2001,0.0
060101010401,2002,0.0
060101010401,2003,0.0
060101010401,2004,0.0
060101010401,2005,0.0
060101010401,2006,0.0
060101010401,2007,0.0
060101010401,2008,0.0
060101010401,2009,0.0
060101010401,2010,0.0
060101010401,2011,0.0
060101010401,2012,0.0
060101010401,2013,0.0
060101010401,2014,0.0
060101010401,2015,0.0
060101010401,2016,0.0
060101010401,2017,0.0
060101010401,2018,0.0
060101010401,2019,0.0
060101010401,2020,0.0
060101010402,2000,0.0
060101010402,2001,0.0
060101010402,2002,0.0
060101010402,2003,0.0
060101010402,2004,0.0
060101010402,2005,0.0
060101010402,2006,0.0
060101010402,2007,0.0
060101010402,2008,0.0
060101010402,2009,0.0
060101010402,2010,0.0
060101010402,2011,0.0
060101010402,2012,0.0
060101010402,2013,0.0
060101010402,2014,0.0
060101010402,2015,0.0
060101010402,2016,0.0
060101010402,2017,0.0
060101010402,2018,0.0
060101010402,2019,0.0
060101010402,2020,0.0
060101010403,2000,0.0
060101010403,2001,0.0
060101010403,2002,0.0
060101010403,2003,0.0
060101010403,2004,0.0
060101010403,2005,0.0
060101010403,2006,0.0
060101010403,2007,0.0
060101010403,2008,0.0
060101010403,2009,0.0
060101010403,2010,0.0
060101010403,2011,0.0
060101010403,2012,0.0
060101010403,2013,0.0
060101010403,2014,0.0
060101010403,2015,0.0
060101010403,2016,0.0
060101010403,2017,0.0
060101010403,2018,0.0
060101010403,2019,0.0
060101010403,2020,0.0
060101010404,2000,0.0
060101010404,2001,0.0
060101010404,2002,0.0
060101010404,2003,0.0
060101010404,2004,0.0
060101010404,2005,0.0
060101010404,2006,0.0
060101010404,2007,0.0
060101010404,2008,0.0
060101010404,2009,0.0
060101010404,2010,0.0
060101010404,2011,0.0
060101010404,2012,0.0
060101010404,2013,0.0
060101010404,2014,0.0
060101010404,2015,0.0
060101010404,2016,0.0
060101010404,2017,0.0
060101010404,2018,0.0
060101010404,2019,0.0
060101010404,2020,0.0
060101020101,2000,0.0
060101020101,2001,0.0
060101020101,2002,0.0
060101020101,2003,0.0
060101020101,2004,0.0
060101020101,2005,0.0
060101020101,2006,0.0
060101020101,2007,0.0
060101020101,2008,0.0
060101020101,2009,0.0
060101020101,2010,0.0
060101020101,2011,0.0
060101020101,2012,0.0
060101020101,2013,0.0
060101020101,2014,0.0
060101020101,2015,0.0
060101020101,2016,0.0
060101020101,2017,0.0
060101020101,2018,0.0
060101020101,2019,0.0
060101020101,2020,0.0
060101020102,2000,0.0
060101020102,2001,0.0
060101020102,2002,0.0
060101020102,2003,0.0
060101020102,2004,0.0
060101020102,2005,0.0
060101020102,2006,0.0
060101020102,2007,0.0
060101020102,2008,0.0
060101020102,2009,0.0
060101020102,2010,0.0
060101020102,2011,0.0
060101020102,2012,0.0
060101020102,2013,0.0
060101020102,2014,0.0
060101020102,2015,0.0
060101020102,2016,0.0
060101020102,2017,0.0
060101020102,2018,0.0
060101020102,2019,0.0
060101020102,2020,0.0
060101020103,2000,0.0
060101020103,2001,0.0
060101020103,2002,0.0
060101020103,2003,0.0
060101020103,2004,0.0
060101020103,2005,0.0
060101020103,2006,0.0
060101020103,2007,0.0
060101020103,2008,0.0
060101020103,2009,0.0
060101020103,2010,0.0
060101020103,2011,0.0
060101020103,2012,0.0
060101020103,2013,0.0
060101020103,2014,0.0
060101020103,2015,0.0
060101020103,2016,0.0
060101020103,2017,0.0
060101020103,2018,0.0
060101020103,2019,0.0
060101020103,2020,0.0
060101020201,2000,0.0
060101020201,2001,0.0
060101020201,2002,0.0
060101020201,2003,0.0
060101020201,2004,0.0
060101020201,2005,0.0
060101020201,2006,0.0
060101020201,2007,0.0
060101020201,2008,0.0
060101020201,2009,0.0
060101020201,2010,0.0
060101020201,2011,0.0
060101020201,2012,0.0
060101020201,2013,0.0
060101020201,2014,0.0
060101020201,2015,0.0
060101020201,2016,0.0
060101020201,2017,0.0
060101020201,2018,0.0
060101020201,2019,0.0
060101020201,2020,0.0
060101020202,2000,0.0
060101020202,2001,0.0
060101020202,2002,0.0
060101020202,2003,0.0
060101020202,2004,0.0
060101020202,2005,0.0
060101020202,2006,0.0
060101020202,2007,0.0
060101020202,2008,0.0
060101020202,2009,0.0
060101020202,2010,0.0
060101020202,2011,0.0
060101020202,2012,0.0
060101020202,2013,0.0
060101020202,2014,0.0
060101020202,2015,0.0
060101020202,2016,0.0
060101020202,2017,0.0
060101020202,2018,0.0
060101020202,2019,0.0
060101020202,2020,0.0
060101020203,2000,0.0
060101020203,2001,0.0
060101020203,2002,0.0
060101020203,2003,0.0
060101020203,2004,0.0
060101020203,2005,0.0
060101020203,2006,0.0
060101020203,2007,0.0
060101020203,2008,0.0
060101020203,2009,0.0
060101020203,2010,0.0
060101020203,2011,0.0
060101020203,2012,0.0
060101020203,2013,0.0
060101020203,2014,0.0
060101020203,2015,0.0
060101020203,2016,0.0
060101020203,2017,0.0
060101020203,2018,0.0
060101020203,2019,0.0
060101020203,2020,0.0
060101020204,2000,0.0
060101020204,2001,0.0
060101020204,2002,0.0
060101020204,2003,0.0
060101020204,2004,0.0
060101020204,2005,0.0
060101020204,2006,0.0
060101020204,2007,0.0
060101020204,2008,0.0
060101020204,2009,0.0
060101020204,2010,0.0
060101020204,2011,0.0
060101020204,2012,0.0
060101020204,2013,0.0
060101020204,2014,0.0
060101020204,2015,0.0
060101020204,2016,0.0
060101020204,2017,0.0
060101020204,2018,0.0
060101020204,2019,0.0
060101020204,2020,0.0
060101020301,2000,0.0
060101020301,2001,0.0
060101020301,2002,0.0
060101020301,2003,0.0
060101020301,2004,0.0
060101020301,2005,0.0
060101020301,2006,0.0
060101020301,2007,0.0
060101020301,2008,0.0
060101020301,2009,0.0
060101020301,2010,0.0
060101020301,2011,0.0
060101020301,2012,0.0
060101020301,2013,0.0
060101020301,2014,0.0
060101020301,2015,0.0
060101020301,2016,0.0
060101020301,2017,0.0
060101020301,2018,0.0
060101020301,2019,0.0
060101020301,2020,0.0
060101020302,2000,0.0
060101020302,2001,0.0
060101020302,2002,0.0
060101020302,2003,0.0
060101020302,2004,0.0
060101020302,2005,0.0
060101020302,2006,0.0
060101020302,2007,0.0
060101020302,2008,0.0
060101020302,2009,0.0
060101020302,2010,0.0
060101020302,2011,0.0
060101020302,2012,0.0
060101020302,2013,0.0
060101020302,2014,0.0
060101020302,2015,0.0
060101020302,2016,0.0
060101020302,2017,0.0
060101020302,2018,0.0
060101020302,2019,0.0
060101020302,2020,0.0
060101020303,2000,0.0
060101020303,2001,0.0
060101020303,2002,0.0
060101020303,2003,0.0
060101020303,2004,0.0
060101020303,2005,0.0
060101020303,2006,0.0
060101020303,2007,0.0
060101020303,2008,0.0
060101020303,2009,0.0
060101020303,2010,0.0
060101020303,2011,0.0
060101020303,2012,0.0
060101020303,2013,0.0
060101020303,2014,0.0
060101020303,2015,0.0
060101020303,2016,0.0
060101020303,2017,0.0
060101020303,2018,0.0
060101020303,2019,0.0
060101020303,2020,0.0
060101020304,2000,0.0
060101020304,2001,0.0
060101020304,2002,0.0
060101020304,2003,0.0
060101020304,2004,0.0
060101020304,2005,0.0
060101020304,2006,0.0
060101020304,2007,0.0
060101020304,2008,0.0
060101020304,2009,0.0
060101020304,2010,0.0
060101020304,2011,0.0
060101020304,2012,0.0
060101020304,2013,0.0
060101020304,2014,0.0
060101020304,2015,0.0
060101020304,2016,0.0
060101020304,2017,0.0
060101020304,2018,0.0
060101020304,2019,0.0
060101020304,2020,0.0
060101020305,2000,0.0
060101020305,2001,0.0
060101020305,2002,0.0
060101020305,2003,0.0
060101020305,2004,0.0
060101020305,2005,0.0
060101020305,2006,0.0
060101020305,2007,0.0
060101020305,2008,0.0
060101020305,2009,0.0
060101020305,2010,0.0
060101020305,2011,0.0
060101020305,2012,0.0
060101020305,2013,0.0
060101020305,2014,0.0
060101020305,2015,0.0
060101020305,2016,0.0
060101020305,2017,0.0
060101020305,2018,0.0
060101020305,2019,0.0
060101020305,2020,0.0
060101020306,2000,0.0
060101020306,2001,0.0
060101020306,2002,0.0
060101020306,2003,0.0
060101020306,2004,0.0
060101020306,2005,0.0
060101020306,2006,0.0
060101020306,2007,0.157257389
060101020306,2008,0.0
060101020306,2009,0.0
060101020306,2010,0.0
060101020306,2011,0.092684605
060101020306,2012,0.0
060101020306,2013,0.0
060101020306,2014,0.0
060101020306,2015,0.0
060101020306,2016,0.0
060101020306,2017,0.0
060101020306,2018,0.0
060101020306,2019,0.0
060101020306,2020,0.0
060101020307,2000,0.0
060101020307,2001,0.0
060101020307,2002,0.0
060101020307,2003,0.0
060101020307,2004,0.0
060101020307,2005,0.0
060101020307,2006,0.0
060101020307,2007,0.0
060101020307,2008,0.0
060101020307,2009,0.0
060101020307,2010,0.0
060101020307,2011,0.0
060101020307,2012,0.0
060101020307,2013,0.0
060101020307,2014,0.0
060101020307,2015,0.0
060101020307,2016,0.0
060101020307,2017,0.0
060101020307,2018,0.0
060101020307,2019,0.0
060101020307,2020,0.0
060101020401,2000,0.0
060101020401,2001,0.0
060101020401,2002,0.0
060101020401,2003,0.0
060101020401,2004,0.0
060101020401,2005,0.0
060101020401,2006,0.0
060101020401,2007,0.0
060101020401,2008,0.0
060101020401,2009,0.0
060101020401,2010,0.0
060101020401,2011,0.0
060101020401,2012,0.0
060101020401,2013,0.0
060101020401,2014,0.0
060101020401,2015,0.0
060101020401,2016,0.0
060101020401,2017,0.0
060101020401,2018,0.0
060101020401,2019,0.0
060101020401,2020,0.0
060101020402,2000,0.0
060101020402,2001,0.0
060101020402,2002,0.0
060101020402,2003,0.0
060101020402,2004,0.0
060101020402,2005,0.0
060101020402,2006,0.0
060101020402,2007,0.0
060101020402,2008,0.0
060101020402,2009,0.0
060101020402,2010,0.0
060101020402,2011,0.0
060101020402,2012,0.0
060101020402,2013,0.0
060101020402,2014,0.0
060101020402,2015,0.0
060101020402,2016,0.0
060101020402,2017,0.0
060101020402,2018,0.0
060101020402,2019,0.0
060101020402,2020,0.0
060101020403,2000,0.0
060101020403,2001,0.0
060101020403,2002,0.0
060101020403,2003,0.0
060101020403,2004,0.0
060101020403,2005,0.0
060101020403,2006,0.0
060101020403,2007,0.0
060101020403,2008,0.0
060101020403,2009,0.0
060101020403,2010,0.0
060101020403,2011,0.0
060101020403,2012,0.0
060101020403,2013,0.0
060101020403,2014,0.0
060101020403,2015,0.0
060101020403,2016,0.0
060101020403,2017,0.0
060101020403,2018,0.0
060101020403,2019,0.0
060101020403,2020,0.0
060101020404,2000,0.0
060101020404,2001,0.0
060101020404,2002,0.0
060101020404,2003,0.0
060101020404,2004,0.0
060101020404,2005,0.0
060101020404,2006,0.0
060101020404,2007,0.0
060101020404,2008,0.0
060101020404,2009,0.0
060101020404,2010,0.0
060101020404,2011,0.0
060101020404,2012,0.0
060101020404,2013,0.0
060101020404,2014,0.0
060101020404,2015,0.0
060101020404,2016,0.0
060101020404,2017,0.0
060101020404,2018,0.0
060101020404,2019,0.0
060101020404,2020,0.0
060101020405,2000,0.0
060101020405,2001,0.0
060101020405,2002,0.0
060101020405,2003,0.0
060101020405,2004,0.0
060101020405,2005,0.0
060101020405,2006,0.0
060101020405,2007,0.0
060101020405,2008,0.0
060101020405,2009,0.0
060101020405,2010,0.0
060101020405,2011,0.0
060101020405,2012,0.0
060101020405,2013,0.0
060101020405,2014,0.0
060101020405,2015,0.0
060101020405,2016,0.0
060101020405,2017,0.0
060101020405,2018,0.0
060101020405,2019,0.0
060101020405,2020,0.0
060101020501,2000,0.0
060101020501,2001,0.007091737
060101020501,2002,0.0
060101020501,2003,0.0
060101020501,2004,0.0
060101020501,2005,0.021972863
060101020501,2006,0.0
060101020501,2007,0.0
060101020501,2008,0.0
060101020501,2009,0.0
060101020501,2010,0.0
060101020501,2011,0.0
060101020501,2012,0.0
060101020501,2013,0.0
060101020501,2014,0.0
060101020501,2015,0.0
060101020501,2016,0.0
060101020501,2017,0.0
060101020501,2018,0.0
060101020501,2019,0.0
060101020501,2020,0.0
060101020502,2000,0.0
060101020502,2001,0.0
060101020502,2002,0.0
060101020502,2003,0.0
060101020502,2004,0.0
060101020502,2005,0.0
060101020502,2006,0.0
060101020502,2007,0.0
060101020502,2008,0.0
060101020502,2009,0.0
060101020502,2010,0.0
060101020502,2011,0.0
060101020502,2012,0.0
060101020502,2013,0.0
060101020502,2014,0.0
060101020502,2015,0.0
060101020502,2016,0.0
060101020502,2017,0.0
060101020502,2018,0.0
060101020502,2019,0.0
060101020502,2020,0.0
060101020601,2000,0.0
060101020601,2001,0.0
060101020601,2002,0.0
060101020601,2003,0.0
060101020601,2004,0.0
060101020601,2005,0.0
060101020601,2006,0.0
060101020601,2007,0.0
060101020601,2008,0.0
060101020601,2009,0.0
060101020601,2010,0.0
060101020601,2011,0.0
060101020601,2012,0.0
060101020601,2013,0.0
060101020601,2014,0.0
060101020601,2015,0.0
060101020601,2016,0.0
060101020601,2017,0.0
060101020601,2018,0.0
060101020601,2019,0.0
060101020601,2020,0.0
060101020703,2000,0.0
060101020703,2001,0.0
060101020703,2002,0.0
060101020703,2003,0.0
060101020703,2004,0.0
060101020703,2005,0.0
060101020703,2006,0.0
060101020703,2007,0.0
060101020703,2008,0.0
060101020703,2009,0.0
060101020703,2010,0.0
060101020703,2011,0.0
060101020703,2012,0.0
060101020703,2013,0.0
060101020703,2014,0.0
060101020703,2015,0.0
060101020703,2016,0.0
060101020703,2017,0.0
060101020703,2018,0.0
060101020703,2019,0.0
060101020703,2020,0.0
060101040102,2000,0.0
060101040102,2001,0.0
060101040102,2002,0.0
060101040102,2003,0.0
060101040102,2004,0.0
060101040102,2005,0.0
060101040102,2006,0.0
060101040102,2007,0.0
060101040102,2008,0.0
060101040102,2009,0.0
060101040102,2010,0.0
060101040102,2011,0.0
060101040102,2012,0.0
060101040102,2013,0.0
060101040102,2014,0.0
060101040102,2015,0.0
060101040102,2016,0.0
060101040102,2017,0.0
060101040102,2018,0.0
060101040102,2019,0.0
060101040102,2020,0.0
060102050101,2000,0.0
060102050101,2001,0.0
060102050101,2002,0.0
060102050101,2003,0.0
060102050101,2004,0.0
060102050101,2005,0.0
060102050101,2006,0.0
060102050101,2007,0.0
060102050101,2008,0.0
060102050101,2009,0.0
060102050101,2010,0.0
060102050101,2011,0.0
060102050101,2012,0.0
060102050101,2013,0.0
060102050101,2014,0.0
060102050101,2015,0.0
060102050101,2016,0.0
060102050101,2017,0.0
060102050101,2018,0.0
060102050101,2019,0.0
060102050101,2020,0.0
060102050102,2000,0.0
060102050102,2001,0.0
060102050102,2002,0.0
060102050102,2003,0.0
060102050102,2004,0.0
060102050102,2005,0.0
060102050102,2006,0.0
060102050102,2007,0.0
060102050102,2008,0.0
060102050102,2009,0.0
060102050102,2010,0.0
060102050102,2011,0.0
060102050102,2012,0.0
060102050102,2013,0.0
060102050102,2014,0.0
060102050102,2015,0.0
060102050102,2016,0.0
060102050102,2017,0.0
060102050102,2018,0.0
060102050102,2019,0.0
060102050102,2020,0.0
060102050103,2000,0.0
060102050103,2001,0.0
060102050103,2002,0.0
060102050103,2003,0.0
060102050103,2004,0.0
060102050103,2005,0.0
060102050103,2006,0.0
060102050103,2007,0.0
060102050103,2008,0.0
060102050103,2009,0.0
060102050103,2010,0.0
060102050103,2011,0.0
060102050103,2012,0.0
060102050103,2013,0.0
060102050103,2014,0.0
060102050103,2015,0.0
060102050103,2016,0.0
060102050103,2017,0.0
060102050103,2018,0.0
060102050103,2019,0.0
060102050103,2020,0.0
060102050104,2000,0.0
060102050104,2001,0.0
060102050104,2002,0.0
060102050104,2003,0.0
060102050104,2004,0.0
060102050104,2005,0.0
060102050104,2006,0.0
060102050104,2007,0.0
060102050104,2008,0.0
060102050104,2009,0.0
060102050104,2010,0.0
060102050104,2011,0.0
060102050104,2012,0.0
060102050104,2013,0.0
060102050104,2014,0.0
060102050104,2015,0.0
060102050104,2016,0.0
060102050104,2017,0.0
060102050104,2018,0.0
060102050104,2019,0.0
060102050104,2020,0.0
060102050105,2000,0.0
060102050105,2001,0.0
060102050105,2002,0.0
060102050105,2003,0.0
060102050105,2004,0.0
060102050105,2005,0.0
060102050105,2006,0.0
060102050105,2007,0.0
060102050105,2008,0.0
060102050105,2009,0.0
060102050105,2010,0.0
060102050105,2011,0.0
060102050105,2012,0.0
060102050105,2013,0.0
060102050105,2014,0.0
060102050105,2015,0.0
060102050105,2016,0.0
060102050105,2017,0.0
060102050105,2018,0.0
060102050105,2019,0.0
060102050105,2020,0.0
060102050201,2000,0.0
060102050201,2001,0.0
060102050201,2002,0.0
060102050201,2003,0.0
060102050201,2004,0.0
060102050201,2005,0.0
060102050201,2006,0.0
060102050201,2007,0.0
060102050201,2008,0.0
060102050201,2009,0.0
060102050201,2010,0.0
060102050201,2011,0.0
060102050201,2012,0.0
060102050201,2013,0.0
060102050201,2014,0.0
060102050201,2015,0.0
060102050201,2016,0.0
060102050201,2017,0.0
060102050201,2018,0.0
060102050201,2019,0.0
060102050201,2020,0.0
060102050202,2000,0.0
060102050202,2001,0.0
060102050202,2002,0.0
060102050202,2003,0.0
060102050202,2004,0.0
060102050202,2005,0.0
060102050202,2006,0.0
060102050202,2007,0.0
060102050202,2008,0.0
060102050202,2009,0.0
060102050202,2010,0.0
060102050202,2011,0.0
060102050202,2012,0.0
060102050202,2013,0.0
060102050202,2014,0.0
060102050202,2015,0.0
060102050202,2016,0.0
060102050202,2017,0.0
060102050202,2018,0.0
060102050202,2019,0.0
060102050202,2020,0.0
060102050203,2000,0.0
060102050203,2001,0.0
060102050203,2002,0.0
060102050203,2003,0.0
060102050203,2004,0.0
060102050203,2005,0.0
060102050203,2006,0.0
060102050203,2007,0.0
060102050203,2008,0.0
060102050203,2009,0.0
060102050203,2010,0.0
060102050203,2011,0.0
060102050203,2012,0.0
060102050203,2013,0.0
060102050203,2014,0.0
060102050203,2015,0.0
060102050203,2016,0.0
060102050203,2017,0.0
060102050203,2018,0.0
060102050203,2019,0.0
060102050203,2020,0.0
060102050204,2000,0.0
060102050204,2001,0.0
060102050204,2002,0.0
060102050204,2003,0.0
060102050204,2004,0.0
060102050204,2005,0.0
060102050204,2006,0.0
060102050204,2007,0.0
060102050204,2008,0.0
060102050204,2009,0.0
060102050204,2010,0.0
060102050204,2011,0.0
060102050204,2012,0.0
060102050204,2013,0.0
060102050204,2014,0.0
060102050204,2015,0.0
060102050204,2016,0.0
060102050204,2017,0.0
060102050204,2018,0.0
060102050204,2019,0.0
060102050204,2020,0.0
060102050301,2000,0.0
060102050301,2001,0.0
060102050301,2002,0.0
060102050301,2003,0.0
060102050301,2004,0.0
060102050301,2005,0.0
060102050301,2006,0.0
060102050301,2007,0.0
060102050301,2008,0.0
060102050301,2009,0.0
060102050301,2010,0.0
060102050301,2011,0.0
060102050301,2012,0.0
060102050301,2013,0.0
060102050301,2014,0.0
060102050301,2015,0.0
060102050301,2016,0.0
060102050301,2017,0.0
060102050301,2018,0.0
060102050301,2019,0.0
060102050301,2020,0.0
060102050302,2000,0.0
060102050302,2001,0.0
060102050302,2002,0.0
060102050302,2003,0.0
060102050302,2004,0.0
060102050302,2005,0.0
060102050302,2006,0.0
060102050302,2007,0.0
060102050302,2008,0.0
060102050302,2009,0.0
060102050302,2010,0.0
060102050302,2011,0.0
060102050302,2012,0.0
060102050302,2013,0.0
060102050302,2014,0.0
060102050302,2015,0.0
060102050302,2016,0.0
060102050302,2017,0.0
060102050302,2018,0.0
060102050302,2019,0.0
060102050302,2020,0.0
060102050303,2000,0.0
060102050303,2001,0.0
060102050303,2002,0.0
060102050303,2003,0.0
060102050303,2004,0.0
060102050303,2005,0.0
060102050303,2006,0.0
060102050303,2007,0.0
060102050303,2008,0.0
060102050303,2009,0.0
060102050303,2010,0.0
060102050303,2011,0.0
060102050303,2012,0.0
060102050303,2013,0.0
060102050303,2014,0.0
060102050303,2015,0.0
060102050303,2016,0.0
060102050303,2017,0.0
060102050303,2018,0.0
060102050303,2019,0.0
060102050303,2020,0.0
060102050304,2000,0.0
060102050304,2001,0.0
060102050304,2002,0.0
060102050304,2003,0.0
060102050304,2004,0.0
060102050304,2005,0.0
060102050304,2006,0.0
060102050304,2007,0.0
060102050304,2008,0.0
060102050304,2009,0.0
060102050304,2010,0.0
060102050304,2011,0.0
060102050304,2012,0.0
060102050304,2013,0.0
060102050304,2014,0.0
060102050304,2015,0.0
060102050304,2016,0.0
060102050304,2017,0.0
060102050304,2018,0.0
060102050304,2019,0.0
060102050304,2020,0.0
060102050401,2000,0.0
060102050401,2001,0.0
060102050401,2002,0.0
060102050401,2003,0.0
060102050401,2004,0.0
060102050401,2005,0.0
060102050401,2006,0.0
060102050401,2007,0.0
060102050401,2008,0.0
060102050401,2009,0.0
060102050401,2010,0.0
060102050401,2011,0.0
060102050401,2012,0.0
060102050401,2013,0.0
060102050401,2014,0.0
060102050401,2015,0.0
060102050401,2016,0.0
060102050401,2017,0.0
060102050401,2018,0.0
060102050401,2019,0.0
060102050401,2020,0.0
060102050402,2000,0.0
060102050402,2001,0.0
060102050402,2002,0.0
060102050402,2003,0.0
060102050402,2004,0.0
060102050402,2005,0.0
060102050402,2006,0.0
060102050402,2007,0.0
060102050402,2008,0.0
060102050402,2009,0.0
060102050402,2010,0.0
060102050402,2011,0.0
060102050402,2012,0.0
060102050402,2013,0.0
060102050402,2014,0.0
060102050402,2015,0.0
060102050402,2016,0.0
060102050402,2017,0.0
060102050402,2018,0.0
060102050402,2019,0.0
060102050402,2020,0.0
060102050403,2000,0.0
060102050403,2001,0.0
060102050403,2002,0.0
060102050403,2003,0.0
060102050403,2004,0.0
060102050403,2005,0.0
060102050403,2006,0.0
060102050403,2007,0.0
060102050403,2008,0.0
060102050403,2009,0.0
060102050403,2010,0.0
060102050403,2011,0.0
060102050403,2012,0.0
060102050403,2013,0.0
060102050403,2014,0.0
060102050403,2015,0.0
060102050403,2016,0.0
060102050403,2017,0.0
060102050403,2018,0.0
060102050403,2019,0.0
060102050403,2020,0.0
060102050404,2000,0.0
060102050404,2001,0.0
060102050404,2002,0.0
060102050404,2003,0.0
060102050404,2004,0.0
060102050404,2005,0.0
060102050404,2006,0.0
060102050404,2007,0.0
060102050404,2008,0.0
060102050404,2009,0.0
060102050404,2010,0.0
060102050404,2011,0.0
060102050404,2012,0.0
060102050404,2013,0.0
060102050404,2014,0.0
060102050404,2015,0.0
060102050404,2016,0.0
060102050404,2017,0.0
060102050404,2018,0.0
060102050404,2019,0.0
060102050404,2020,0.0
060102050405,2000,0.0
060102050405,2001,0.0
060102050405,2002,0.0
060102050405,2003,0.0
060102050405,2004,0.0
060102050405,2005,0.0
060102050405,2006,0.0
060102050405,2007,0.0
060102050405,2008,0.0
060102050405,2009,0.0
060102050405,2010,0.0
060102050405,2011,0.0
060102050405,2012,0.0
060102050405,2013,0.0
060102050405,2014,0.0
060102050405,2015,0.0
060102050405,2016,0.0
060102050405,2017,0.0
060102050405,2018,0.0
060102050405,2019,0.0
060102050405,2020,0.0
060102050501,2000,0.0
060102050501,2001,0.0
060102050501,2002,0.0
060102050501,2003,0.0
060102050501,2004,0.0
060102050501,2005,0.0
060102050501,2006,0.0
060102050501,2007,0.0
060102050501,2008,0.0
060102050501,2009,0.0
060102050501,2010,0.0
060102050501,2011,0.0
060102050501,2012,0.0
060102050501,2013,0.0
060102050501,2014,0.0
060102050501,2015,0.0
060102050501,2016,0.0
060102050501,2017,0.0
060102050501,2018,0.0
060102050501,2019,0.0
060102050501,2020,0.0
060102050502,2000,0.0
060102050502,2001,0.0
060102050502,2002,0.0
060102050502,2003,0.0
060102050502,2004,0.0
060102050502,2005,0.0
060102050502,2006,0.0
060102050502,2007,0.0
060102050502,2008,0.0
060102050502,2009,0.0
060102050502,2010,0.0
060102050502,2011,0.0
060102050502,2012,0.0
060102050502,2013,0.0
060102050502,2014,0.0
060102050502,2015,0.0
060102050502,2016,0.0
060102050502,2017,0.0
060102050502,2018,0.0
060102050502,2019,0.0
060102050502,2020,0.0
060102050503,2000,0.0
060102050503,2001,0.0
060102050503,2002,0.0
060102050503,2003,0.0
060102050503,2004,0.0
060102050503,2005,0.0
060102050503,2006,0.0
060102050503,2007,0.0
060102050503,2008,0.0
060102050503,2009,0.0
060102050503,2010,0.0
060102050503,2011,0.0
060102050503,2012,0.0
060102050503,2013,0.0
060102050503,2014,0.0
060102050503,2015,0.0
060102050503,2016,0.0
060102050503,2017,0.0
060102050503,2018,0.0
060102050503,2019,0.0
060102050503,2020,0.0
060102050601,2000,0.0
060102050601,2001,0.0
060102050601,2002,0.0
060102050601,2003,0.0
060102050601,2004,0.0
060102050601,2005,0.0
060102050601,2006,0.0
060102050601,2007,0.0
060102050601,2008,0.0
060102050601,2009,0.0
060102050601,2010,0.0
060102050601,2011,0.0
060102050601,2012,0.0
060102050601,2013,0.0
060102050601,2014,0.0
060102050601,2015,0.0
060102050601,2016,0.0
060102050601,2017,0.0
060102050601,2018,0.0
060102050601,2019,0.0
060102050601,2020,0.0
060102050602,2000,0.0
060102050602,2001,0.0
060102050602,2002,0.0
060102050602,2003,0.0
060102050602,2004,0.0
060102050602,2005,0.0
060102050602,2006,0.0
060102050602,2007,0.0
060102050602,2008,0.0
060102050602,2009,0.0
060102050602,2010,0.0
060102050602,2011,0.0
060102050602,2012,0.0
060102050602,2013,0.0
060102050602,2014,0.0
060102050602,2015,0.0
060102050602,2016,0.0
060102050602,2017,0.0
060102050602,2018,0.0
060102050602,2019,0.0
060102050602,2020,0.0
060102050603,2000,0.0
060102050603,2001,0.0
060102050603,2002,0.0
060102050603,2003,0.0
060102050603,2004,0.0
060102050603,2005,0.0
060102050603,2006,0.0
060102050603,2007,0.0
060102050603,2008,0.0
060102050603,2009,0.0
060102050603,2010,0.0
060102050603,2011,0.0
060102050603,2012,0.0
060102050603,2013,0.0
060102050603,2014,0.0
060102050603,2015,0.0
060102050603,2016,0.0
060102050603,2017,0.0
060102050603,2018,0.0
060102050603,2019,0.0
060102050603,2020,0.0
060102050604,2000,0.0
060102050604,2001,0.0
060102050604,2002,0.0
060102050604,2003,0.0
060102050604,2004,0.0
060102050604,2005,0.0
060102050604,2006,0.0
060102050604,2007,0.0
060102050604,2008,0.0
060102050604,2009,0.0
060102050604,2010,0.0
060102050604,2011,0.0
060102050604,2012,0.0
060102050604,2013,0.0
060102050604,2014,0.0
060102050604,2015,0.0
060102050604,2016,0.0
060102050604,2017,0.0
060102050604,2018,0.0
060102050604,2019,0.0
060102050604,2020,0.0
060102050605,2000,0.0
060102050605,2001,0.0
060102050605,2002,0.0
060102050605,2003,0.0
060102050605,2004,0.0
060102050605,2005,0.0
060102050605,2006,0.0
060102050605,2007,0.0
060102050605,2008,0.0
060102050605,2009,0.0
060102050605,2010,0.0
060102050605,2011,0.0
060102050605,2012,0.0
060102050605,2013,0.0
060102050605,2014,0.0
060102050605,2015,0.0
060102050605,2016,0.0
060102050605,2017,0.0
060102050605,2018,0.0
060102050605,2019,0.0
060102050605,2020,0.0
060102050606,2000,0.0
060102050606,2001,0.0
060102050606,2002,0.0
060102050606,2003,0.0
060102050606,2004,0.0
060102050606,2005,0.0
060102050606,2006,0.0
060102050606,2007,0.0
060102050606,2008,0.0
060102050606,2009,0.0
060102050606,2010,0.0
060102050606,2011,0.0
060102050606,2012,0.0
060102050606,2013,0.0
060102050606,2014,0.0
060102050606,2015,0.0
060102050606,2016,0.0
060102050606,2017,0.0
060102050606,2018,0.0
060102050606,2019,0.0
060102050606,2020,0.0
060102050701,2000,0.0
060102050701,2001,0.0
060102050701,2002,0.0
060102050701,2003,0.0
060102050701,2004,0.0
060102050701,2005,0.0
060102050701,2006,0.0
060102050701,2007,0.0
060102050701,2008,0.0
060102050701,2009,0.0
060102050701,2010,0.0
060102050701,2011,0.0
060102050701,2012,0.0
060102050701,2013,0.0
060102050701,2014,0.0
060102050701,2015,0.0
060102050701,2016,0.0
060102050701,2017,0.0
060102050701,2018,0.0
060102050701,2019,0.0
060102050701,2020,0.0
060102050702,2000,0.0
060102050702,2001,0.0
060102050702,2002,0.0
060102050702,2003,0.0
060102050702,2004,0.0
060102050702,2005,0.0
060102050702,2006,0.0
060102050702,2007,0.0
060102050702,2008,0.0
060102050702,2009,0.0
060102050702,2010,0.0
060102050702,2011,0.0
060102050702,2012,0.0
060102050702,2013,0.0
060102050702,2014,0.0
060102050702,2015,0.0
060102050702,2016,0.0
060102050702,2017,0.0
060102050702,2018,0.0
060102050702,2019,0.0
060102050702,2020,0.0
060102050703,2000,0.0
060102050703,2001,0.0
060102050703,2002,0.0
060102050703,2003,0.0
060102050703,2004,0.0
060102050703,2005,0.0
060102050703,2006,0.0
060102050703,2007,0.0
060102050703,2008,0.0
060102050703,2009,0.0
060102050703,2010,0.0
060102050703,2011,0.0
060102050703,2012,0.0
060102050703,2013,0.0
060102050703,2014,0.0
060102050703,2015,0.0
060102050703,2016,0.0
060102050703,2017,0.0
060102050703,2018,0.0
060102050703,2019,0.0
060102050703,2020,0.0
060102050801,2000,0.0
060102050801,2001,0.0
060102050801,2002,0.0
060102050801,2003,0.0
060102050801,2004,0.0
060102050801,2005,0.0
060102050801,2006,0.0
060102050801,2007,0.0
060102050801,2008,0.0
060102050801,2009,0.0
060102050801,2010,0.0
060102050801,2011,0.0
060102050801,2012,0.0
060102050801,2013,0.0
060102050801,2014,0.0
060102050801,2015,0.0
060102050801,2016,0.0
060102050801,2017,0.0
060102050801,2018,0.0
060102050801,2019,0.0
060102050801,2020,0.0
060102050802,2000,0.0
060102050802,2001,0.0
060102050802,2002,0.0
060102050802,2003,0.0
060102050802,2004,0.0
060102050802,2005,0.0
060102050802,2006,0.0
060102050802,2007,0.0
060102050802,2008,0.0
060102050802,2009,0.0
060102050802,2010,0.0
060102050802,2011,0.0
060102050802,2012,0.0
060102050802,2013,0.0
060102050802,2014,0.0
060102050802,2015,0.0
060102050802,2016,0.0
060102050802,2017,0.0
060102050802,2018,0.0
060102050802,2019,0.0
060102050802,2020,0.0
060102050804,2000,0.0
060102050804,2001,0.0
060102050804,2002,0.0
060102050804,2003,0.0
060102050804,2004,0.0
060102050804,2005,0.0
060102050804,2006,0.0
060102050804,2007,0.0
060102050804,2008,0.0
060102050804,2009,0.0
060102050804,2010,0.0
060102050804,2011,0.0
060102050804,2012,0.0
060102050804,2013,0.0
060102050804,2014,0.0
060102050804,2015,0.0
060102050804,2016,0.0
060102050804,2017,0.0
060102050804,2018,0.0
060102050804,2019,0.0
060102050804,2020,0.0
060102050805,2000,0.0
060102050805,2001,0.0
060102050805,2002,0.0
060102050805,2003,0.0
060102050805,2004,0.0
060102050805,2005,0.0
060102050805,2006,0.0
060102050805,2007,0.0
060102050805,2008,0.0
060102050805,2009,0.0
060102050805,2010,0.0
060102050805,2011,0.0
060102050805,2012,0.0
060102050805,2013,0.0
060102050805,2014,0.0
060102050805,2015,0.0
060102050805,2016,0.0
060102050805,2017,0.0
060102050805,2018,0.0
060102050805,2019,0.0
060102050805,2020,0.0
060102050807,2000,0.0
060102050807,2001,0.0
060102050807,2002,0.0
060102050807,2003,0.0
060102050807,2004,0.0
060102050807,2005,0.0
060102050807,2006,0.0
060102050807,2007,0.0
060102050807,2008,0.0
060102050807,2009,0.0
060102050807,2010,0.0
060102050807,2011,0.0
060102050807,2012,0.0
060102050807,2013,0.0
060102050807,2014,0.0
060102050807,2015,0.0
060102050807,2016,0.0
060102050807,2017,0.0
060102050807,2018,0.0
060102050807,2019,0.0
060102050807,2020,0.0
060102060101,2000,0.0
060102060101,2001,0.0
060102060101,2002,0.0
060102060101,2003,0.0
060102060101,2004,0.0
060102060101,2005,0.0
060102060101,2006,0.0
060102060101,2007,0.0
060102060101,2008,0.0
060102060101,2009,0.0
060102060101,2010,0.0
060102060101,2011,0.0
060102060101,2012,0.0
060102060101,2013,0.0
060102060101,2014,0.0
060102060101,2015,0.0
060102060101,2016,0.0
060102060101,2017,0.0
060102060101,2018,0.0
060102060101,2019,0.0
060102060101,2020,0.0
060102060102,2000,0.0
060102060102,2001,0.0
060102060102,2002,0.0
060102060102,2003,0.0
060102060102,2004,0.0
060102060102,2005,0.0
060102060102,2006,0.0
060102060102,2007,0.0
060102060102,2008,0.0
060102060102,2009,0.0
060102060102,2010,0.0
060102060102,2011,0.0
060102060102,2012,0.0
060102060102,2013,0.0
060102060102,2014,0.0
060102060102,2015,0.0
060102060102,2016,0.0
060102060102,2017,0.0
060102060102,2018,0.0
060102060102,2019,0.0
060102060102,2020,0.0
060102060103,2000,0.0
060102060103,2001,0.0
060102060103,2002,0.0
060102060103,2003,0.0
060102060103,2004,0.0
060102060103,2005,0.0
060102060103,2006,0.0
060102060103,2007,0.0
060102060103,2008,0.0
060102060103,2009,0.0
060102060103,2010,0.0
060102060103,2011,0.0
060102060103,2012,0.0
060102060103,2013,0.0
060102060103,2014,0.0
060102060103,2015,0.0
060102060103,2016,0.0
060102060103,2017,0.0
060102060103,2018,0.0
060102060103,2019,0.0
060102060103,2020,0.0
060102060104,2000,0.0
060102060104,2001,0.0
060102060104,2002,0.0
060102060104,2003,0.0
060102060104,2004,0.0
060102060104,2005,0.0
060102060104,2006,0.0
060102060104,2007,0.0
060102060104,2008,0.0
060102060104,2009,0.0
060102060104,2010,0.0
060102060104,2011,0.0
060102060104,2012,0.0
060102060104,2013,0.0
060102060104,2014,0.0
060102060104,2015,0.0
060102060104,2016,0.0
060102060104,2017,0.0
060102060104,2018,0.0
060102060104,2019,0.0
060102060104,2020,0.0
060102060105,2000,0.0
060102060105,2001,0.0
060102060105,2002,0.0
060102060105,2003,0.0
060102060105,2004,0.0
060102060105,2005,0.0
060102060105,2006,0.0
060102060105,2007,0.0
060102060105,2008,0.0
060102060105,2009,0.0
060102060105,2010,0.0
060102060105,2011,0.0
060102060105,2012,0.0
060102060105,2013,0.0
060102060105,2014,0.0
060102060105,2015,0.0
060102060105,2016,0.0
060102060105,2017,0.0
060102060105,2018,0.0
060102060105,2019,0.0
060102060105,2020,0.0
060102060201,2000,0.0
060102060201,2001,0.0
060102060201,2002,0.0
060102060201,2003,0.0
060102060201,2004,0.0
060102060201,2005,0.0
060102060201,2006,0.0
060102060201,2007,0.0
060102060201,2008,0.0
060102060201,2009,0.0
060102060201,2010,0.0
060102060201,2011,0.0
060102060201,2012,0.0
060102060201,2013,0.0
060102060201,2014,0.0
060102060201,2015,0.0
060102060201,2016,0.0
060102060201,2017,0.0
060102060201,2018,0.0
060102060201,2019,0.0
060102060201,2020,0.0
060102060202,2000,0.0
060102060202,2001,0.0
060102060202,2002,0.0
060102060202,2003,0.0
060102060202,2004,0.0
060102060202,2005,0.0
060102060202,2006,0.0
060102060202,2007,0.0
060102060202,2008,0.0
060102060202,2009,0.0
060102060202,2010,0.0
060102060202,2011,0.0
060102060202,2012,0.0
060102060202,2013,0.0
060102060202,2014,0.0
060102060202,2015,0.0
060102060202,2016,0.0
060102060202,2017,0.0
060102060202,2018,0.0
060102060202,2019,0.0
060102060202,2020,0.0
060102060203,2000,0.0
060102060203,2001,0.0
060102060203,2002,0.0
060102060203,2003,0.0
060102060203,2004,0.0
060102060203,2005,0.0
060102060203,2006,0.0
060102060203,2007,0.0
060102060203,2008,0.0
060102060203,2009,0.0
060102060203,2010,0.0
060102060203,2011,0.0
060102060203,2012,0.0
060102060203,2013,0.0
060102060203,2014,0.0
060102060203,2015,0.0
060102060203,2016,0.0
060102060203,2017,0.0
060102060203,2018,0.0
060102060203,2019,0.0
060102060203,2020,0.0
060102060204,2000,0.0
060102060204,2001,0.0
060102060204,2002,0.0
060102060204,2003,0.0
060102060204,2004,0.0
060102060204,2005,0.0
060102060204,2006,0.0
060102060204,2007,0.0
060102060204,2008,0.0
060102060204,2009,0.0
060102060204,2010,0.0
060102060204,2011,0.0
060102060204,2012,0.0
060102060204,2013,0.0
060102060204,2014,0.0
060102060204,2015,0.0
060102060204,2016,0.0
060102060204,2017,0.0
060102060204,2018,0.0
060102060204,2019,0.0
060102060204,2020,0.0
060102060301,2000,0.0
060102060301,2001,0.0
060102060301,2002,0.0
060102060301,2003,0.0
060102060301,2004,0.0
060102060301,2005,0.0
060102060301,2006,0.0
060102060301,2007,0.0
060102060301,2008,0.0
060102060301,2009,0.0
060102060301,2010,0.0
060102060301,2011,0.0
060102060301,2012,0.0
060102060301,2013,0.0
060102060301,2014,0.0
060102060301,2015,0.0
060102060301,2016,0.0
060102060301,2017,0.0
060102060301,2018,0.0
060102060301,2019,0.0
060102060301,2020,0.0
060102060302,2000,0.0
060102060302,2001,0.0
060102060302,2002,0.0
060102060302,2003,0.0
060102060302,2004,0.0
060102060302,2005,0.0
060102060302,2006,0.0
060102060302,2007,0.0
060102060302,2008,0.0
060102060302,2009,0.0
060102060302,2010,0.0
060102060302,2011,0.0
060102060302,2012,0.0
060102060302,2013,0.0
060102060302,2014,0.0
060102060302,2015,0.0
060102060302,2016,0.0
060102060302,2017,0.0
060102060302,2018,0.0
060102060302,2019,0.0
060102060302,2020,0.0
060102060303,2000,0.0
060102060303,2001,0.0
060102060303,2002,0.0
060102060303,2003,0.0
060102060303,2004,0.0
060102060303,2005,0.0
060102060303,2006,0.0
060102060303,2007,0.0
060102060303,2008,0.0
060102060303,2009,0.0
060102060303,2010,0.0
060102060303,2011,0.0
060102060303,2012,0.0
060102060303,2013,0.0
060102060303,2014,0.0
060102060303,2015,0.0
060102060303,2016,0.0
060102060303,2017,0.0
060102060303,2018,0.0
060102060303,2019,0.0
060102060303,2020,0.0
060102060304,2000,0.0
060102060304,2001,0.0
060102060304,2002,0.0
060102060304,2003,0.0
060102060304,2004,0.0
060102060304,2005,0.0
060102060304,2006,0.0
060102060304,2007,0.0
060102060304,2008,0.0
060102060304,2009,0.0
060102060304,2010,0.0
060102060304,2011,0.0
060102060304,2012,0.0
060102060304,2013,0.0
060102060304,2014,0.0
060102060304,2015,0.0
060102060304,2016,0.0
060102060304,2017,0.0
060102060304,2018,0.0
060102060304,2019,0.0
060102060304,2020,0.0
060102060305,2000,0.0
060102060305,2001,0.0
060102060305,2002,0.0
060102060305,2003,0.0
060102060305,2004,0.0
060102060305,2005,0.0
060102060305,2006,0.0
060102060305,2007,0.0
060102060305,2008,0.0
060102060305,2009,0.0
060102060305,2010,0.0
060102060305,2011,0.0
060102060305,2012,0.0
060102060305,2013,0.0
060102060305,2014,0.0
060102060305,2015,0.0
060102060305,2016,0.0
060102060305,2017,0.0
060102060305,2018,0.0
060102060305,2019,0.0
060102060305,2020,0.0
060102060306,2000,0.0
060102060306,2001,0.0
060102060306,2002,0.0
060102060306,2003,0.0
060102060306,2004,0.0
060102060306,2005,0.0
060102060306,2006,0.0
060102060306,2007,0.0
060102060306,2008,0.0
060102060306,2009,0.0
060102060306,2010,0.0
060102060306,2011,0.0
060102060306,2012,0.0
060102060306,2013,0.0
060102060306,2014,0.0
060102060306,2015,0.0
060102060306,2016,0.0
060102060306,2017,0.0
060102060306,2018,0.0
060102060306,2019,0.0
060102060306,2020,0.0
060102060307,2000,0.0
060102060307,2001,0.0
060102060307,2002,0.0
060102060307,2003,0.0
060102060307,2004,0.0
060102060307,2005,0.0
060102060307,2006,0.0
060102060307,2007,0.0
060102060307,2008,0.0
060102060307,2009,0.0
060102060307,2010,0.0
060102060307,2011,0.0
060102060307,2012,0.0
060102060307,2013,0.0
060102060307,2014,0.0
060102060307,2015,0.0
060102060307,2016,0.0
060102060307,2017,0.0
060102060307,2018,0.0
060102060307,2019,0.0
060102060307,2020,0.0
060102060402,2000,0.0
060102060402,2001,0.0
060102060402,2002,0.0
060102060402,2003,0.0
060102060402,2004,0.0
060102060402,2005,0.0
060102060402,2006,0.0
060102060402,2007,0.0
060102060402,2008,0.0
060102060402,2009,0.0
060102060402,2010,0.0
060102060402,2011,0.0
060102060402,2012,0.0
060102060402,2013,0.0
060102060402,2014,0.0
060102060402,2015,0.0
060102060402,2016,0.0
060102060402,2017,0.0
060102060402,2018,0.0
060102060402,2019,0.0
060102060402,2020,0.0
060102060403,2000,0.0
060102060403,2001,0.0
060102060403,2002,0.0
060102060403,2003,0.0
060102060403,2004,0.0
060102060403,2005,0.0
060102060403,2006,0.0
060102060403,2007,0.0
060102060403,2008,0.0
060102060403,2009,0.0
060102060403,2010,0.0
060102060403,2011,0.0
060102060403,2012,0.0
060102060403,2013,0.0
060102060403,2014,0.0
060102060403,2015,0.0
060102060403,2016,0.0
060102060403,2017,0.0
060102060403,2018,0.0
060102060403,2019,0.0
060102060403,2020,0.0
060102060404,2000,0.0
060102060404,2001,0.0
060102060404,2002,0.0
060102060404,2003,0.0
060102060404,2004,0.0
060102060404,2005,0.0
060102060404,2006,0.0
060102060404,2007,0.0
060102060404,2008,0.0
060102060404,2009,0.0
060102060404,2010,0.0
060102060404,2011,0.0
060102060404,2012,0.0
060102060404,2013,0.0
060102060404,2014,0.0
060102060404,2015,0.0
060102060404,2016,0.0
060102060404,2017,0.0
060102060404,2018,0.0
060102060404,2019,0.0
060102060404,2020,0.0
